Date & Time,use [kW],gen [kW],Register 1 [kW],Register 2 [kW],Register 3 [kW],Register 4 [kW],Register 5 [kW],Register 6 [kW],Register 7 [kW],Register 8 [kW],Register 9 [kW],Register 10 [kW],Register 11 [kW],Register 12 [kW],Solar [kW],,,,Jan,Feb,Mar,Apr,May,Jun,Jul,Aug,Sep,Oct,Nov,Dec
12/31/2018 12:00,209.6374601,13.39278477,21.31152895,7.52656522,19.03805629,28.79267711,5.284138634,21.31624561,22.40681924,9.488669387,15.7596442,22.00901273,21.02373772,15.68036501,13.39278477,,,Pmax at noon,26.03779247,19.55483806,29.75214605,14.19514483,40.31428802,,,,,,,
12/30/2018 12:00,258.242478,7.267040914,23.66084213,9.623593681,21.74743654,33.21348661,10.87342287,25.37556729,30.24663005,15.6273377,18.51435254,25.9214527,24.53622818,18.90212767,7.267040914,,,,,,,,,,,,,,,
12/29/2018 12:00,304.1431459,3.689759352,28.52630163,14.75178414,26.80861189,37.77436647,15.98714413,28.76104623,32.53178887,22.00217901,20.68980744,28.27879819,27.55882439,20.47249357,3.689759352,,,,,,,,,,,,,,,
12/28/2018 12:00,252.4540013,19.10219654,24.54587737,10.62502534,22.6607552,33.79102406,11.81383615,25.47271057,27.90275201,11.62137118,16.27757764,25.30668211,23.62749816,18.80889154,19.10219654,,,,,,,,,,,,,,,
12/27/2018 12:00,216.4555261,28.06548591,19.49401287,6.103584259,16.7630735,30.71575412,7.764399248,23.1203681,27.29398267,8.747438229,14.05051788,22.76705637,21.45009278,18.18524604,28.06548591,,,,,,,,,,,,,,,
12/26/2018 12:00,214.6642768,8.080302326,19.46539038,5.304369653,16.41762078,30.48805616,6.811839572,23.29526221,27.3594145,9.042116053,14.34894513,23.02862438,21.74880769,17.35383032,8.080302326,,,,,,,,,,,,,,,
12/25/2018 12:00,200.5195549,7.52562103,18.85475428,5.519693854,16.32487188,28.42584522,5.919742222,21.04112674,23.56583361,8.254811609,13.83798593,21.59727199,20.88176361,16.29585391,7.52562103,,,,,,,,,,,,,,,
12/24/2018 12:00,330.6920395,7.686977176,34.215943,21.63534918,32.67966728,37.98569248,17.20367703,30.43452109,34.4502422,20.53461038,26.97664293,26.53431655,27.49097646,20.5504009,7.686977176,,,,,,,,,,,,,,,
12/23/2018 12:00,372.2461949,22.25735692,38.77589306,27.02559971,38.18074447,41.78065228,20.50310502,34.21147468,38.46550691,24.04771251,29.65176194,28.30485479,29.70529634,21.59359323,22.25735692,,,,,,,,,,,,,,,
12/22/2018 12:00,405.2469613,26.33995466,46.20269423,36.95949622,46.66469345,44.68128721,22.90308498,36.59953743,40.37884218,24.2147746,30.25998285,27.3815771,28.29411265,20.7068784,26.33995466,,,,,,,,,,,,,,,
12/21/2018 12:00,389.0876322,27.30023462,41.17959302,30.37068473,41.10034899,43.92322057,22.53978892,36.60399381,40.29820929,24.79016977,30.43361238,28.00071186,28.66358703,21.18371179,27.30023462,,,,,,,,,,,,,,,
12/20/2018 12:00,392.3056194,29.27094317,42.35409344,30.78165005,42.18722845,44.85415756,22.58761738,35.87805199,39.47327698,22.70023402,29.10103882,29.41287439,30.19788157,22.77751475,29.27094317,,,,,,,,,,,,,,,
12/19/2018 12:00,428.7487218,12.11356736,45.57490302,35.12133586,46.02609762,50.30591052,29.3294245,42.13590318,42.22486847,26.56501857,32.84478673,28.2843199,28.70894425,21.62720917,12.11356736,,,,,,,,,,,,,,,
12/18/2018 12:00,420.8198355,12.41642571,43.65108502,33.75995752,43.38999666,48.91460969,27.98530133,41.56948381,41.84715104,26.28093572,32.76323119,29.01972841,29.65449524,21.98385982,12.41642571,,,,,,,,,,,,,,,
12/17/2018 12:00,388.7978836,17.67167788,40.2745564,28.41396168,39.95892325,44.12266145,23.28879568,35.85346417,39.12116707,24.78403538,30.90076044,28.57130091,30.61033405,22.89792308,17.67167788,,,,,,,,,,,,,,,
12/16/2018 12:00,435.5665981,12.31930061,46.84623966,36.9082242,48.05092549,51.14578457,29.72315197,41.13401969,41.58539293,27.00838657,32.82964031,28.99045372,29.04163615,22.30274288,12.31930061,,,,,,,,,,,,,,,
12/15/2018 12:00,410.718946,24.45366951,42.85852844,32.23270005,43.27777927,48.1469228,25.5037022,38.0785094,42.23485927,26.82696229,34.21825332,28.06535265,27.693555,21.58182134,24.45366951,,,,,,,,,,,,,,,
12/14/2018 12:00,374.3318788,12.79730255,39.48199156,27.96952085,39.75631586,42.12924557,20.5613973,33.24980118,39.30549218,23.01564935,29.99419907,28.21193699,28.49295791,22.16337098,12.79730255,,,,,,,,,,,,,,,
12/13/2018 12:00,425.7683043,20.44915428,39.14716372,26.18102686,37.6772236,56.51293267,36.02668811,49.18557667,42.15706936,26.53067319,33.52598551,28.3494421,28.38958488,22.08493766,20.44915428,,,,,,,,,,,,,,,
12/12/2018 12:00,313.7898803,12.69996159,31.15803968,18.54036491,29.55543012,39.5687403,17.07117058,31.16344247,33.01338954,16.18025352,22.31401632,26.668253,27.27969958,21.27708028,12.69996159,,,,,,,,,,,,,,,
12/11/2018 12:00,269.2298847,14.64986888,24.72884818,11.45654219,22.59361212,36.48628446,13.76968884,28.33784931,29.20982845,13.56605369,18.83607234,25.92846145,24.03056141,20.28608227,14.64986888,,,,,,,,,,,,,,,
12/10/2018 12:00,251.7649314,28.61792238,23.63933917,9.88189478,21.41081228,34.04618689,11.68578482,25.87044478,27.91959478,12.77850131,19.52306857,23.93876302,21.98463559,19.08590545,28.61792238,,,,,,,,,,,,,,,
12/9/2018 12:00,237.5583363,21.5154269,22.13215801,8.479150602,20.24924891,33.34259302,11.81963656,25.43307004,26.39993285,11.35942882,17.98358566,22.57421323,20.78226163,17.00305693,21.5154269,,,,,,,,,,,,,,,
12/8/2018 12:00,274.5428283,12.32924867,24.90713189,11.95826826,24.05151502,35.91326373,13.68856199,26.78221773,29.68300464,18.59099382,20.61785428,25.89149311,23.76352718,18.69499668,12.32924867,,,,,,,,,,,,,,,
12/7/2018 12:00,269.8759491,1.361291574,26.44827999,12.78750909,24.43263975,35.64799817,13.63770777,26.77259257,29.00976857,15.50504817,19.22178013,24.69656271,23.37424683,18.34181542,1.361291574,,,,,,,,,,,,,,,
12/6/2018 12:00,278.7216277,0.468702593,26.17818613,12.76235608,23.17933466,39.2244389,16.45402149,28.03741035,30.13309046,12.97471684,17.27333149,27.17724262,25.57900934,19.74848931,0.468702593,,,,,,,,,,,,,,,
12/5/2018 12:00,303.1813517,5.483571111,27.77776344,13.78559803,24.69568347,43.17094776,21.80081682,33.53861689,33.45718866,15.26106336,20.79270227,25.31840506,23.81145534,19.77111067,5.483571111,,,,,,,,,,,,,,,
12/4/2018 12:00,283.3781208,23.09639492,28.3200858,14.98427568,26.14001409,38.88772495,16.2740128,29.06578872,31.08244131,14.01382502,20.19628867,24.18401142,21.71930568,18.51034663,23.09639492,,,,,,,,,,,,,,,
12/3/2018 12:00,233.9985043,26.02515976,22.53893736,9.273669815,21.11629052,33.33711565,10.42468382,23.95339319,27.65891278,9.570641366,15.22822885,23.12120398,20.35160936,17.4238176,26.02515976,,,,,,,,,,,,,,,
12/2/2018 12:00,211.5023831,26.81237318,21.24978497,7.6990886,18.72695216,30.6328333,8.909203542,21.83745219,23.37833323,8.059714074,14.66936324,21.39030315,19.08318774,15.86616688,26.81237318,,,,,,,,,,,,,,,
12/1/2018 12:00,286.4556593,28.60087716,21.64765663,8.166270301,19.0630683,45.70919221,26.32908866,38.90092152,28.56637436,15.76793905,17.30537716,23.95561928,22.40413193,18.64001985,28.60087716,,,,,,,,,,,,,,,
11/30/2018 12:00,472.6961422,18.02313087,30.06237213,16.65901506,28.08800567,80.11689624,62.89457632,76.45755223,39.1252596,24.71451149,26.95207765,31.65953693,31.41307641,24.55326249,18.02313087,,,,,,,,,,,,,,,
11/29/2018 12:00,351.8567386,19.3778676,25.61603031,11.07884057,22.13445122,57.28192928,37.77769097,51.17777613,35.43782343,15.90943226,20.7403084,27.72180729,25.45323647,21.5274123,19.3778676,,,,,,,,,,,,,,,
11/28/2018 12:00,365.0921155,21.83085376,27.0630595,13.86067074,24.77776061,56.99840466,37.13000448,49.99271466,37.60125742,22.92057442,24.54551157,26.79676883,24.11699859,19.28838998,21.83085376,,,,,,,,,,,,,,,
11/27/2018 12:00,289.5775162,21.63050176,25.9941764,12.09880244,24.05330747,41.9344683,20.23328328,33.67831219,29.61097645,16.78462811,17.52625146,24.94820485,23.41848142,19.29662382,21.63050176,,,,,,,,,,,,,,,
11/26/2018 12:00,255.7598005,29.14471493,24.38889751,11.17426088,22.36574944,34.61724514,12.55192984,26.88596432,26.43015168,15.922256,16.90221391,24.19475676,22.44187954,17.8844955,29.14471493,,,,,,,,,,,,,,,
11/25/2018 12:00,289.8415518,16.1379719,25.40829913,12.55990009,23.03279538,43.81828447,21.89999691,34.82904501,28.09945036,14.26662093,19.12023313,25.64749054,23.32544395,17.83399194,16.1379719,,,,,,,,,,,,,,,
11/24/2018 12:00,312.447371,18.29606574,24.26941012,11.13406446,22.05020476,49.25664541,27.07673994,39.81946904,30.09420241,20.0465708,20.73009154,25.81037515,24.09578884,18.06380852,18.29606574,,,,,,,,,,,,,,,
11/23/2018 12:00,292.6531019,26.41439815,24.32172719,10.94321755,22.36723105,41.56621259,19.58952848,32.60674468,32.46279685,19.24364173,21.59943056,25.5766746,23.33221596,19.04368072,26.41439815,,,,,,,,,,,,,,,
11/22/2018 12:00,229.774255,13.8382323,21.46559207,7.705454583,18.95321514,32.34922648,9.822259259,23.61026941,26.46461557,10.31764966,16.03069439,24.0669349,20.85381986,18.13452363,13.8382323,,,,,,,,,,,,,,,
11/21/2018 12:00,370.8638183,7.237703912,28.97514012,15.57381942,26.96936477,54.15860021,33.34475674,45.54034067,34.77997006,22.78012538,23.51560307,31.88102912,29.2899437,24.05512502,7.237703912,,,,,,,,,,,,,,,
11/20/2018 12:00,333.6470517,22.56607502,27.4896545,14.85645838,25.34586331,47.39952679,27.26631379,40.1601995,36.77626316,17.24210102,23.49246438,26.76218263,25.61729725,21.23872697,22.56607502,,,,,,,,,,,,,,,
11/19/2018 12:00,252.1801014,12.10738241,22.67883211,9.277283148,20.5654355,34.12352596,11.93682777,25.50168384,33.49505965,11.68569394,18.5817895,24.02047787,21.26212928,19.05136279,12.10738241,,,,,,,,,,,,,,,
11/18/2018 12:00,376.9646978,4.778214294,29.01808833,16.16875109,27.68279766,55.41362638,35.92656076,49.26983098,38.75052236,22.20727281,25.49347311,28.20641423,27.13003887,21.69732126,4.778214294,,,,,,,,,,,,,,,
11/17/2018 12:00,541.3922427,14.98536582,36.47850203,24.43523708,36.41129243,89.57253612,70.40843897,84.44611325,43.01331435,34.7291556,32.84946458,32.23764823,32.6283521,24.182188,14.98536582,,,,,,,,,,,,,,,
11/16/2018 12:00,529.1779002,30.0854061,37.44617016,25.44368582,37.65384252,80.80545257,60.95493155,74.82354899,44.58360229,35.14556344,33.56274865,35.64596043,35.86761576,27.24477798,30.0854061,,,,,,,,,,,,,,,
11/15/2018 12:00,525.1999848,25.19145269,35.42749635,23.28976603,35.54088449,80.84822524,62.37061961,74.69266101,45.11276326,37.31048867,35.67777453,33.95818737,34.66271678,26.30840142,25.19145269,,,,,,,,,,,,,,,
11/14/2018 12:00,423.9667125,32.32611344,37.85183516,25.28572785,38.93776501,53.97008578,32.79691853,46.40936965,39.65797654,27.78927814,29.92640715,32.63932205,32.62827835,26.07374828,32.32611344,,,,,,,,,,,,,,,
11/13/2018 12:00,317.5362541,33.44904563,29.71743201,16.23868585,28.66370927,37.1526875,15.42916836,29.43044707,35.51261556,18.18056872,24.83425396,28.89208379,29.22459861,24.26000345,33.44904563,,,,,,,,,,,,,,,
11/12/2018 12:00,292.0436253,6.12443463,24.65996255,11.55949728,23.56433601,38.13787206,16.83832781,30.15234595,33.11193537,16.05414264,22.44148396,27.13594615,26.13429517,22.25348039,6.12443463,,,,,,,,,,,,,,,
11/11/2018 12:00,271.8484541,3.344437188,22.57001748,10.27661207,22.11249294,37.5700912,15.89273079,29.80343492,30.82580917,12.23902449,17.42616804,26.91575094,25.11461563,21.10170645,3.344437188,,,,,,,,,,,,,,,
11/10/2018 12:00,259.4261931,8.951457049,21.72222124,7.403443565,19.55796743,37.63763669,15.085235,29.67942626,30.19393684,11.79882083,17.28185638,25.70036528,23.42922939,19.93605424,8.951457049,,,,,,,,,,,,,,,
11/9/2018 12:00,247.1859813,24.33071311,20.85609432,6.537747894,18.6344742,35.00748161,13.05379197,26.85336232,28.23045435,10.77273462,15.4665941,26.15358698,25.15728215,20.46237676,24.33071311,,,,,,,,,,,,,,,
11/8/2018 12:00,300.374132,6.169650162,22.46350879,8.111448438,20.16452741,47.0990821,25.3177161,38.12974147,31.94612266,14.46511896,18.51836076,25.72602132,27.71251788,20.71996608,6.169650162,,,,,,,,,,,,,,,
11/7/2018 12:00,388.8491205,14.12603401,31.35882063,19.49232531,30.43305166,62.81931962,40.97596634,53.12896428,33.02387412,17.1562567,21.34878323,28.87626642,29.61852236,20.6169698,14.12603401,,,,,,,,,,,,,,,
11/6/2018 12:00,381.2965118,11.98437894,31.92254289,19.51420413,29.62574796,63.93240601,42.67926289,55.20915796,29.13557234,13.91146414,17.48670028,29.16467975,28.06001163,20.65476181,11.98437894,,,,,,,,,,,,,,,
11/5/2018 12:00,300.9633023,16.5427928,32.0696445,19.02314667,30.32605913,42.28475495,19.53267934,33.07155344,27.0475338,11.85662206,15.91004793,25.73030613,24.54708389,19.56387048,16.5427928,,,,,,,,,,,,,,,
11/4/2018 12:00,297.2417213,22.67916065,31.04674718,18.55104458,29.62642031,42.12377057,17.61039582,31.33761574,30.10348607,15.05069798,17.0762547,23.99775183,22.60244067,18.11509587,22.67916065,,,,,,,,,,,,,,,
11/3/2018 13:00,336.8618887,28.64798757,29.31081846,16.27439976,27.43895285,52.24918671,29.66064884,43.16093208,28.90421394,19.52404942,19.80666928,25.988932,25.87151291,18.67157249,28.64798757,,,,,,,,,,,,,,,
11/2/2018 13:00,346.7895318,31.08119789,26.05044449,12.48489539,23.78028644,57.42534861,35.66957961,47.82375015,28.43895905,22.37065808,18.86208976,26.28885479,28.22810429,19.36656117,31.08119789,,,,,,,,,,,,,,,
11/1/2018 13:00,411.9346296,31.23777284,37.92045899,27.45756832,37.47206229,61.83546757,41.35502804,51.37070419,29.88981616,25.32229947,20.02432233,29.21249161,29.848848,20.22556262,31.23777284,,,,,,,,,,,,,,,
10/31/2018 13:00,319.7823243,16.36767569,33.85347542,21.53127037,32.10379934,42.47917125,19.79846696,33.08480715,27.29017237,19.46322404,18.32943111,26.35379598,26.54036274,18.95434752,16.36767569,,,,,,,,,,,,,,,
10/30/2018 13:00,335.1831311,21.43857889,33.50721201,20.96998144,31.69917151,44.7807573,23.39394689,35.00854673,29.35261332,22.16618228,20.60291326,27.62100074,26.56163131,19.51917435,21.43857889,,,,,,,,,,,,,,,
10/29/2018 13:00,282.7029381,23.82309668,25.06758383,11.12602947,22.18057302,38.81452734,16.43167501,28.15962847,28.89955073,20.50160406,19.84056058,26.5623009,25.76259376,19.35631093,23.82309668,,,,,,,,,,,,,,,
10/28/2018 13:00,296.9768793,30.50562624,29.6569337,16.74174715,27.6420971,39.93783986,17.19737492,28.85785273,27.1355566,20.32485964,18.19737586,26.92323519,25.37969982,18.98230678,30.50562624,,,,,,,,,,,,,,,
10/27/2018 13:00,311.7759572,31.18564758,28.32015152,15.2589334,26.19410045,45.89587269,24.12532543,37.96570563,31.89343241,17.02290882,17.34508163,25.39882828,23.59593654,18.75968043,31.18564758,,,,,,,,,,,,,,,
10/26/2018 13:00,257.725404,30.59159571,23.54187836,9.61469059,20.66663075,37.97558589,16.310965,30.42244583,28.10574563,11.23673249,16.0598071,23.75947961,21.92080078,18.11064201,30.59159571,,,,,,,,,,,,,,,
10/25/2018 13:00,284.7236511,21.30008773,26.2209796,13.13576213,23.84005818,41.2568119,18.6882883,33.24675778,28.81100957,13.73781288,17.4661171,25.72640449,23.71751028,18.87613887,21.30008773,,,,,,,,,,,,,,,
10/24/2018 13:00,341.2942732,2.56322103,32.59643168,20.59183443,31.19395978,50.13644484,29.10290881,41.4866323,29.74364291,18.20028407,19.71167109,26.07700944,23.42505578,19.02839808,2.56322103,,,,,,,,,,,,,,,
10/23/2018 13:00,264.8062852,9.591474132,23.20342902,8.730354491,20.89710684,37.86017966,15.00970575,29.43168299,29.768193,14.93864919,18.16115145,25.44279567,23.3226971,18.04034,9.591474132,,,,,,,,,,,,,,,
10/22/2018 13:00,264.5846772,9.782713843,20.14886295,5.735807963,17.25035168,42.47043404,20.44952017,34.8240338,28.97448654,12.51873475,16.68468998,24.66320743,23.00292677,17.86162117,9.782713843,,,,,,,,,,,,,,,
10/21/2018 13:00,340.6218098,24.85540398,25.25266461,12.10308288,22.79976063,54.38537641,33.53001597,45.88642773,31.50498591,22.7089834,22.32940933,26.81869372,24.61260315,18.68980603,24.85540398,,,,,,,,,,,,,,,
10/20/2018 13:00,353.4404217,14.30250285,25.68951057,12.58999944,24.27048653,58.71374844,39.01403087,50.77692587,29.41565987,19.40892833,19.8948086,27.47787817,26.40568273,19.78276233,14.30250285,,,,,,,,,,,,,,,
10/19/2018 13:00,352.1797641,6.260002049,25.7302822,12.23205793,23.70370043,58.3367934,37.34417536,50.67691236,29.57797923,19.21580185,19.26279817,28.8544848,26.51255589,20.73222248,6.260002049,,,,,,,,,,,,,,,
10/18/2018 13:00,259.4692714,3.411854977,24.13809664,10.78698838,22.18822602,36.35024343,14.04077947,27.32696796,28.11781203,13.28337343,16.58711109,24.44588767,23.44445189,18.7593334,3.411854977,,,,,,,,,,,,,,,
10/17/2018 13:00,296.9399662,4.041422593,24.53403578,11.21124701,22.3941787,44.7169719,23.04526679,35.20030743,29.42664375,19.10219403,17.71476778,26.40756273,24.61606791,18.57072236,4.041422593,,,,,,,,,,,,,,,
10/16/2018 13:00,332.6059217,5.060238935,28.00821494,14.29969795,25.1284003,50.17031471,28.95833844,41.49943794,33.89981339,15.99000716,20.26341443,26.8530821,26.2524323,21.28276808,5.060238935,,,,,,,,,,,,,,,
10/15/2018 13:00,270.2863289,2.496234363,25.91141657,12.74291688,23.17430872,37.54403314,14.78509743,28.81803355,29.68110825,12.43682065,17.05313464,25.32915965,23.73319232,19.0771071,2.496234363,,,,,,,,,,,,,,,
10/14/2018 13:00,334.5650342,17.50648027,41.623722,31.93251778,41.06925389,43.81744526,22.00017972,35.02719072,27.08100151,12.12549824,16.70757383,23.7618681,22.04018419,17.37859895,17.50648027,,,,,,,,,,,,,,,
10/13/2018 13:00,340.3824166,27.62555272,45.14166007,36.0624377,44.92330145,45.22315723,23.24289127,36.00438559,24.64111372,10.99868807,16.78631666,22.01196203,19.80629395,15.54020892,27.62555272,,,,,,,,,,,,,,,
10/12/2018 13:00,313.7516537,20.87404551,40.19263573,30.23426207,39.62311129,42.92299309,20.52757823,33.9072376,23.4876996,11.05168927,16.4344584,21.46324401,19.13943488,14.76730953,20.87404551,,,,,,,,,,,,,,,
10/11/2018 13:00,336.7286527,23.52255418,38.50295931,28.02683471,38.00572507,42.61567102,21.4275273,34.59450826,28.64624453,17.50599221,19.14581012,26.33617693,24.06936081,17.85184244,23.52255418,,,,,,,,,,,,,,,
10/10/2018 13:00,369.7139765,34.25254715,45.16057392,35.03798045,44.4311017,45.10498831,23.37542526,36.05824486,29.42194588,19.94748918,20.12820918,27.02721162,25.87078075,18.15002543,34.25254715,,,,,,,,,,,,,,,
10/9/2018 13:00,435.2894471,12.10881366,42.16580656,31.43972376,41.21562917,49.86165529,28.3364067,41.17923707,48.19565683,40.95548329,40.75681826,26.3493239,26.38140322,18.45230304,12.10881366,,,,,,,,,,,,,,,
10/8/2018 13:00,488.6338327,7.278449468,49.94024931,41.20892574,49.06061089,56.39322379,36.56008387,49.07142792,51.7743266,41.1407761,42.66522541,27.00023512,25.35481956,18.46392839,7.278449468,,,,,,,,,,,,,,,
10/7/2018 13:00,408.7352576,18.5382519,55.55564582,48.03811873,54.98972347,52.67386404,31.78435905,46.143348,26.92574227,11.4602948,16.89096194,24.80344994,21.99157063,17.47817892,18.5382519,,,,,,,,,,,,,,,
10/6/2018 13:00,368.369726,24.26731581,48.3923331,39.86331507,48.28636074,51.06028888,29.84712367,44.39785851,23.59554461,10.68692747,16.51873462,22.2738292,19.1069594,14.34045079,24.26731581,,,,,,,,,,,,,,,
10/5/2018 13:00,387.6348568,23.74533892,44.52070086,36.29703373,44.52818133,48.13419901,27.64440831,41.81665694,36.43727559,22.30403782,27.9927325,22.88100829,19.3020633,15.77655913,23.74533892,,,,,,,,,,,,,,,
10/4/2018 13:00,412.2451351,30.62866418,46.47569673,38.26255293,46.87309835,50.11140914,30.35138348,43.61961199,39.30609485,24.99305225,28.06612884,24.82056337,22.10891852,17.25662466,30.62866418,,,,,,,,,,,,,,,
10/3/2018 13:00,481.4776315,27.96475134,36.48434112,25.24852333,35.53276855,47.05234434,26.47949902,39.67598082,73.63888626,64.53544718,67.04913629,24.67447831,23.73928277,17.36694353,27.96475134,,,,,,,,,,,,,,,
10/2/2018 13:00,425.445727,27.38368478,44.31110418,35.1073195,44.07891027,49.73797348,30.09359222,44.00793345,48.11794078,32.21245786,36.69622882,23.29349688,21.085555,16.70321454,27.38368478,,,,,,,,,,,,,,,
10/1/2018 13:00,410.7101317,21.72363271,47.94646764,39.39478237,48.2816763,50.5224109,31.18889644,44.52044824,38.61479885,23.2576111,27.19145168,22.96563043,20.42003745,16.40592026,21.72363271,,,,,,,,,,,,,,,
9/30/2018 13:00,422.8801617,22.26799058,41.35206326,31.48764963,40.7077222,50.09739292,29.08567982,40.68450703,49.20104803,36.16425278,39.70778155,24.89874081,22.45154462,17.04177902,22.26799058,,,,,,,,,,,,,,,
9/29/2018 13:00,457.6978613,12.19990462,45.86120563,36.17295646,46.1493444,54.98242424,33.30933066,45.2594434,48.91871427,37.74471113,39.01708656,27.64480113,24.61403194,18.02381149,12.19990462,,,,,,,,,,,,,,,
9/28/2018 13:00,469.2409016,12.13502052,47.1357141,38.44296336,47.96152903,54.32350894,32.34214488,45.009795,52.45068662,38.84544798,41.91831862,27.38759116,25.29596013,18.12724179,12.13502052,,,,,,,,,,,,,,,
9/27/2018 13:00,461.0333035,30.09259697,35.33364075,23.66091423,33.96548431,46.47667705,23.40045216,36.09462723,68.81793721,59.17370534,62.27139242,27.84507522,25.99892918,17.99446844,30.09259697,,,,,,,,,,,,,,,
9/26/2018 13:00,374.2010532,28.68623727,45.81298991,36.41165532,45.17318054,45.94746527,23.90126103,35.96517598,33.45227223,20.26138458,22.62541181,25.17665822,23.17040538,16.30319291,28.68623727,,,,,,,,,,,,,,,
9/25/2018 13:00,486.2025346,29.1461519,48.48845771,39.84289617,48.23778107,50.41322917,30.03854427,42.18262043,60.56117105,49.45372657,51.55747447,25.57863026,22.8337448,17.01425866,29.1461519,,,,,,,,,,,,,,,
9/24/2018 13:00,388.9779726,28.53871368,52.61775315,45.48324149,53.6028295,49.79757745,28.58221291,43.61075061,26.0103012,11.53148132,17.05535617,23.39967506,20.93203803,16.35475569,28.53871368,,,,,,,,,,,,,,,
9/23/2018 13:00,326.6404387,15.92143817,38.52667707,28.41130801,37.90506899,46.21995612,25.68689681,39.63514664,25.55448171,11.66177589,16.76964163,21.79657548,19.37097311,15.10193726,15.92143817,,,,,,,,,,,,,,,
9/22/2018 13:00,426.7190175,14.92390936,32.70275451,20.29945344,30.89024301,44.0645814,22.48178013,37.13532267,64.4655653,48.99863413,55.15379802,26.57393583,24.78687497,19.16607404,14.92390936,,,,,,,,,,,,,,,
9/21/2018 13:00,591.5508696,15.36934505,27.88867497,14.32323563,25.42865298,49.28185848,27.52897168,41.65684043,117.1141926,105.5157424,112.0859078,26.51524052,24.4475537,19.76399845,15.36934505,,,,,,,,,,,,,,,
9/20/2018 13:00,435.6175539,13.29567634,55.26600335,48.71853694,57.0190067,56.27535895,35.63943226,50.37961254,33.65933178,14.98924861,20.58473395,24.17504405,21.14123052,17.77001425,13.29567634,,,,,,,,,,,,,,,
9/19/2018 13:00,423.1386876,24.00469072,41.01160682,31.21702772,40.62166071,48.95076281,27.97935846,39.31470307,49.63984764,40.54984292,41.49138066,24.41699985,21.58015579,16.36534115,24.00469072,,,,,,,,,,,,,,,
9/18/2018 13:00,485.2536457,31.37081867,42.66321914,33.79177248,43.14431979,51.36208978,30.42484131,42.98538029,62.9192651,53.97019039,55.71388623,26.15291304,23.91360969,18.21215841,31.37081867,,,,,,,,,,,,,,,
9/17/2018 13:00,387.4508214,27.26842279,52.31711213,45.25712267,53.28628263,49.39239258,28.7253828,42.21466449,26.7382624,12.60100763,16.97246656,22.74616773,20.67433887,16.52562088,27.26842279,,,,,,,,,,,,,,,
9/16/2018 13:00,431.7570453,25.59596203,42.36943035,33.40070588,42.17749972,49.4324487,28.04950756,40.79496637,50.75143772,40.24210125,41.91274888,24.24849703,21.22732588,17.15037597,25.59596203,,,,,,,,,,,,,,,
9/15/2018 13:00,447.3907172,18.98300552,45.91567104,37.32458771,46.79379085,48.6411934,28.38170112,40.58703013,51.79139655,40.4340428,42.87654043,24.43165285,22.42672754,17.78638278,18.98300552,,,,,,,,,,,,,,,
9/14/2018 13:00,420.0023859,10.60826633,49.59663444,41.98993132,50.7661763,52.88574468,33.00902289,46.42365979,35.62145726,21.14488545,24.90172037,23.88655545,22.2466012,17.52999679,10.60826633,,,,,,,,,,,,,,,
9/13/2018 13:00,539.5651548,23.78618527,38.9841706,27.68431487,37.44709419,57.10500862,36.49981155,48.81617705,77.50766193,65.61106894,70.32157553,28.6647927,28.85180637,22.07167248,23.78618527,,,,,,,,,,,,,,,
9/12/2018 13:00,563.2297835,24.20835689,43.49610177,32.63495132,42.32498382,58.94386441,38.76576205,50.57943657,78.28605612,66.53121809,70.72258616,29.70399458,29.25277044,21.98805813,24.20835689,,,,,,,,,,,,,,,
9/11/2018 13:00,449.3301483,18.7785898,52.26692125,43.42369689,52.43943979,54.8223871,34.62459198,47.32932587,40.99744903,25.69713704,30.53501308,25.16757475,23.68888735,18.3377242,18.7785898,,,,,,,,,,,,,,,
9/10/2018 13:00,396.3951903,11.47001889,50.37098269,41.45682765,50.75870162,52.756823,32.73010389,45.94718612,27.56154598,12.05110438,17.15974142,25.53402565,22.25325242,17.81489551,11.47001889,,,,,,,,,,,,,,,
9/9/2018 13:00,445.9498584,9.334561169,44.78888177,35.06389921,44.46831146,56.10566086,35.26192454,47.77335298,46.58432976,34.86477332,35.37639674,25.01047535,23.12893034,17.52292205,9.334561169,,,,,,,,,,,,,,,
9/8/2018 13:00,514.3344503,14.85892534,41.41085102,30.89310443,40.73971095,56.26178513,36.5757162,49.38201563,71.61973429,57.8119948,61.79809851,24.94632185,24.50000664,18.39511082,14.85892534,,,,,,,,,,,,,,,
9/7/2018 13:00,458.7167223,20.66147597,58.06709161,51.04989601,59.31315765,59.25786101,40.08229473,53.37429517,29.74000064,12.66381353,17.34092284,28.09000345,28.23525728,21.50212835,20.66147597,,,,,,,,,,,,,,,
9/6/2018 13:00,511.6936949,28.99195156,35.11579832,23.62574059,33.79677424,52.90238265,33.2185984,45.96480979,78.45567929,68.47310675,70.91128684,26.42538933,23.72616793,19.07796079,28.99195156,,,,,,,,,,,,,,,
9/5/2018 13:00,501.9752294,32.13232022,44.97558232,36.15192726,45.07024183,56.51095817,36.12615427,48.78768493,61.8626052,51.9292937,54.50229409,25.61069129,22.90614382,17.54165257,32.13232022,,,,,,,,,,,,,,,
9/4/2018 13:00,398.6896974,21.44376703,52.42255119,45.43643884,53.8338583,54.5531906,33.97555278,46.88467747,26.25733985,10.91412112,16.64108863,22.25581392,20.02377666,15.49128804,21.44376703,,,,,,,,,,,,,,,
9/3/2018 13:00,367.070071,17.00088213,47.95273074,39.81679164,48.64180876,50.74009998,30.213891,42.81594133,24.09892478,10.86394723,16.6640558,21.68964265,19.11023499,14.46200213,17.00088213,,,,,,,,,,,,,,,
9/2/2018 13:00,358.3858848,17.20485095,48.27307522,40.90248975,49.04730015,47.48534645,27.21959358,39.47344601,24.24577839,10.67504163,16.78973155,21.21946747,19.03434579,14.0202688,17.20485095,,,,,,,,,,,,,,,
9/1/2018 13:00,479.9386135,29.22248544,47.27892258,38.70440765,47.40340138,51.89031795,31.46260662,43.7869197,59.20687493,46.10280979,49.92631218,25.51439782,22.66587788,15.99576501,29.22248544,,,,,,,,,,,,,,,
8/31/2018 13:00,406.5857762,25.2735447,50.30373074,42.74215173,51.00974337,49.78828469,29.15195666,42.23697491,35.85866906,20.39969475,25.54381978,23.25393107,21.35891097,14.9379085,25.2735447,,,,,,,,,,,,,,,
8/30/2018 13:00,393.5064377,28.36744403,53.68727257,47.02735594,54.78522031,50.45143133,30.62771429,43.01888081,26.94334182,11.2545977,17.22475337,22.52989252,20.69140916,15.26456792,28.36744403,,,,,,,,,,,,,,,
8/29/2018 13:00,397.0773931,26.49957589,53.56761521,46.58605499,54.85573905,52.73333803,32.7277206,45.11223757,25.28164494,10.85355249,16.74867449,23.53838798,20.15162103,14.9208067,26.49957589,,,,,,,,,,,,,,,
8/28/2018 13:00,385.0110968,29.77151647,51.63868918,44.62984287,52.79211751,50.5465706,29.41542027,41.9691227,25.26645949,11.14190939,17.05865742,24.06096888,20.78613482,15.70520373,29.77151647,,,,,,,,,,,,,,,
8/27/2018 13:00,377.1004219,28.67448122,51.57886155,45.2637787,53.58222377,48.33218509,27.39542653,39.98714438,25.13291109,10.72798321,16.94148751,22.61221301,20.33100178,15.2152053,28.67448122,,,,,,,,,,,,,,,
8/26/2018 13:00,487.1712111,29.52964057,43.95831865,34.7156159,44.20638639,54.69659243,33.30103715,44.56213412,60.48923279,51.50449837,53.77949076,25.38233197,23.42222622,17.1533464,29.52964057,,,,,,,,,,,,,,,
8/25/2018 13:00,534.0606654,28.27785802,41.82598122,32.58029255,41.76075087,54.89839456,32.44793125,44.14829914,76.52623134,70.39217524,70.26742729,26.03304861,25.11888272,18.06125063,28.27785802,,,,,,,,,,,,,,,
8/24/2018 13:00,511.7466517,30.30545619,44.70018609,35.68738104,45.07417379,53.32339203,32.51112771,44.60802918,67.70331618,57.6686395,59.27116784,26.44360103,25.93372773,18.82190961,30.30545619,,,,,,,,,,,,,,,
8/23/2018 13:00,487.3303872,28.94375808,43.77299471,34.22381671,43.92184815,51.90166586,31.98816898,44.32587591,62.67803017,51.92785765,53.89318461,25.28092551,24.6635914,18.7524275,28.94375808,,,,,,,,,,,,,,,
8/22/2018 13:00,478.4622005,29.3204701,44.99153543,34.95350405,44.27016286,51.26410411,31.48828502,43.52122938,61.61908401,47.49012448,52.16586219,24.20733851,24.66896513,17.82200534,29.3204701,,,,,,,,,,,,,,,
8/21/2018 13:00,457.5224067,29.42251502,50.55145016,41.09701373,49.83729279,52.01053163,32.47014019,45.16016928,49.11163318,35.33641987,40.90015782,22.93498233,22.07699322,16.03562255,29.42251502,,,,,,,,,,,,,,,
8/20/2018 13:00,405.7184631,26.75992662,55.68359221,48.11580482,55.85129,51.60527494,31.33207403,44.07952225,26.9619999,12.22042296,17.56493683,24.25400819,21.68925765,16.36027933,26.75992662,,,,,,,,,,,,,,,
8/19/2018 13:00,495.8962089,28.33337688,45.23762188,35.22200251,43.93341373,51.44170471,30.15966608,41.8922263,66.2331491,55.59162573,60.28547669,25.36864191,23.43374294,17.09693737,28.33337688,,,,,,,,,,,,,,,
8/18/2018 13:00,489.1429717,29.52456148,40.10927948,29.84026086,39.15255133,48.52672021,27.05203265,38.59875552,72.31222388,61.78539914,63.87160291,25.02492502,25.1111856,17.75803508,29.52456148,,,,,,,,,,,,,,,
8/17/2018 13:00,484.5793208,30.60817661,36.27620464,25.54128732,34.85699066,45.25678014,24.15464756,35.69830418,79.05731109,66.25324005,71.06966583,24.55983983,23.78145854,18.07359101,30.60817661,,,,,,,,,,,,,,,
8/16/2018 13:00,491.3072797,28.73276757,45.45479347,35.75796919,44.56773821,52.27153454,32.64294122,44.82667185,62.1412362,52.0500439,54.16659404,25.28203201,24.37455579,17.77116925,28.73276757,,,,,,,,,,,,,,,
8/15/2018 13:00,448.0845144,28.6445331,56.54296039,48.35095554,56.60126461,53.29828928,33.0733027,44.87621221,37.91962456,24.52166493,28.78316543,23.80401986,23.46875289,16.84430203,28.6445331,,,,,,,,,,,,,,,
8/14/2018 13:00,414.1850546,25.70114767,58.5266889,51.89465911,58.87954769,52.78487388,32.7784196,45.55921388,25.77693186,11.78582389,16.88167194,22.6503249,21.19146536,15.47543359,25.70114767,,,,,,,,,,,,,,,
8/13/2018 13:00,381.3566695,27.7184774,53.10506556,46.27953144,53.36988286,48.96730163,28.83871928,41.03140713,24.4222408,10.87730726,16.75660549,21.9429035,20.21164728,15.55405732,27.7184774,,,,,,,,,,,,,,,
8/12/2018 13:00,472.2586228,15.3145186,43.68578453,34.65877433,43.14219999,47.34293929,26.31729936,38.99420341,62.18102516,52.3455114,53.88073596,26.77940154,24.38973627,18.54101155,15.3145186,,,,,,,,,,,,,,,
8/11/2018 13:00,556.3993756,16.96141434,36.99384294,26.12807316,35.56253563,50.14590057,30.31435341,41.39945703,88.08797258,84.58265347,82.59010446,30.5666856,29.26633526,20.76146147,16.96141434,,,,,,,,,,,,,,,
8/10/2018 13:00,562.1262225,23.57235016,37.06574193,26.41654943,35.65623876,50.48575757,30.62395568,40.29812048,88.07165468,84.49114502,82.96452905,33.01794186,30.94947373,22.08511427,23.57235016,,,,,,,,,,,,,,,
8/9/2018 13:00,552.6994683,24.61082916,38.88688095,28.08838813,37.50977082,49.12642111,29.16930138,40.45603719,86.84704507,79.48332494,80.60532943,30.90913293,29.4782809,22.13955545,24.61082916,,,,,,,,,,,,,,,
8/8/2018 13:00,378.6024864,29.06627374,34.96430119,22.3286511,32.53357847,39.37834953,18.67649715,30.66140236,52.58801777,38.72466998,44.64495627,23.16445418,23.44518208,17.49242637,29.06627374,,,,,,,,,,,,,,,
8/7/2018 13:00,312.1240881,26.68319346,37.31571838,25.73934895,35.45509182,38.22345376,17.58886905,29.98963213,30.246626,13.45730742,18.81493734,24.15749807,23.46341146,17.67219376,26.68319346,,,,,,,,,,,,,,,
8/6/2018 13:00,311.3747876,29.59336216,27.26522009,13.70059575,24.29745189,34.46546075,13.7150709,25.80568972,45.12988343,28.76719044,34.12625207,23.2140852,23.67738976,17.21049756,29.59336216,,,,,,,,,,,,,,,
8/5/2018 13:00,346.9480995,29.22524794,31.41645675,18.77288754,29.38903238,37.48743304,16.18975111,28.39045064,47.12530727,34.34240468,38.98883958,23.20858705,24.1415498,17.49539963,29.22524794,,,,,,,,,,,,,,,
8/4/2018 13:00,308.0181341,24.94108177,24.22865991,10.84113313,21.94303168,36.37853289,14.39381801,26.93799444,43.14736757,28.40850098,32.05723365,25.38680203,25.53242313,18.76263674,24.94108177,,,,,,,,,,,,,,,
8/3/2018 13:00,435.7876764,33.52954414,30.18527859,17.60760983,28.32037285,40.43456112,19.65825517,30.14025009,71.75796919,60.98739735,62.26544501,27.22754051,27.2513846,19.95161206,33.52954414,,,,,,,,,,,,,,,
8/2/2018 13:00,449.4420012,34.41492509,36.60718194,23.28052536,34.43354234,42.98422748,20.94715343,32.02040794,68.38040409,56.69359705,59.86514141,27.00689442,27.90209164,19.3208341,34.41492509,,,,,,,,,,,,,,,
8/1/2018 13:00,430.6596141,36.1305677,37.1750316,25.31259756,36.07077197,42.50580091,22.10172197,32.8685495,61.40421661,47.62135585,53.14345144,25.09098254,27.27961832,20.08551587,36.1305677,,,,,,,,,,,,,,,
7/31/2018 13:00,429.5139767,27.09393061,28.01781069,14.57805479,25.62712772,41.06688293,19.72689909,31.88104905,74.10816551,60.44312384,66.58790752,24.98528376,24.14739049,18.34428127,27.09393061,,,,,,,,,,,,,,,
7/30/2018 13:00,285.7399495,30.07014925,26.72385883,13.31000314,24.19661463,35.15135998,12.91528044,24.99483624,36.42572946,20.61218135,26.28783767,23.79102413,23.7551888,17.57603485,30.07014925,,,,,,,,,,,,,,,
7/29/2018 13:00,363.4472598,34.73174934,25.60699257,11.88912837,22.9183935,39.1788961,17.26184668,27.3991062,58.69456109,44.29116205,47.88893912,24.34935725,25.20389424,18.76498267,34.73174934,,,,,,,,,,,,,,,
7/28/2018 13:00,493.5538191,36.55434218,34.25895633,22.95759885,32.30985546,45.74508998,23.79715691,34.62434994,81.74923683,70.53537273,73.55646065,27.48077936,26.6939786,19.84498348,36.55434218,,,,,,,,,,,,,,,
7/27/2018 13:00,423.1484133,36.8683022,26.97164545,14.27245703,24.27779639,40.99459885,18.77917866,30.70592404,72.55015662,59.30901067,63.87616352,26.2347531,25.36613788,19.81059108,36.8683022,,,,,,,,,,,,,,,
7/26/2018 13:00,385.2779205,34.81076982,32.68773181,20.2293281,31.06933448,42.58773766,20.99020309,32.36835516,52.50760322,38.31117384,42.68094457,26.37955691,26.09227329,19.37367837,34.81076982,,,,,,,,,,,,,,,
7/25/2018 13:00,454.0272696,34.06926399,31.6020688,18.98874247,29.11511277,40.69793829,18.53712508,28.97454385,75.59954104,67.17499237,70.78063972,26.99452278,26.84144238,18.72060009,34.06926399,,,,,,,,,,,,,,,
7/24/2018 13:00,421.2305403,33.67603667,27.2950058,14.25667789,24.68869616,39.35951965,16.87055038,27.88492522,72.55105385,62.04005076,65.74953734,25.93068873,26.41135427,18.1924802,33.67603667,,,,,,,,,,,,,,,
7/23/2018 13:00,408.7838605,35.46308954,35.56638267,24.08461504,34.6519361,39.04643671,16.47293581,28.73870617,57.89451644,49.49537336,51.44768836,26.8222363,26.11671994,18.4463136,35.46308954,,,,,,,,,,,,,,,
7/22/2018 13:00,481.3107679,34.86925017,42.88652321,32.73322531,42.90733505,41.36205771,19.47537339,30.84310388,71.71667357,63.03701409,63.8455164,26.61964552,26.43078457,19.45351519,34.86925017,,,,,,,,,,,,,,,
7/21/2018 13:00,452.3089191,36.36549865,32.10921678,20.16633319,30.71445264,38.11987664,16.74205576,28.21833212,77.99668426,69.75794133,70.82864738,24.17287723,25.33235223,18.15014951,36.36549865,,,,,,,,,,,,,,,
7/20/2018 13:00,489.4147555,37.12686601,29.68100485,16.89344662,27.75585407,39.99045655,18.80784785,30.3048917,87.11358616,79.00898716,81.28988083,27.4117839,29.52004887,21.6369669,37.12686601,,,,,,,,,,,,,,,
7/19/2018 13:00,358.0186496,37.33748365,30.2409483,16.9560941,27.67273367,36.54231896,15.16171819,27.87772385,51.79995564,38.27931475,44.18098277,24.0406835,25.84687457,19.41930134,37.33748365,,,,,,,,,,,,,,,
7/18/2018 13:00,269.6260012,36.96974175,31.06665,18.35537443,29.00379776,34.61546282,12.82054236,24.44033781,27.65296612,12.18683193,18.09161304,22.31259781,22.07716376,17.00266332,36.96974175,,,,,,,,,,,,,,,
7/17/2018 13:00,264.9646842,37.68911482,30.61027414,18.46245434,28.38497308,34.07993548,11.64006049,23.74633837,27.42887335,12.98262626,18.91954243,21.92408072,20.99829721,15.78722835,37.68911482,,,,,,,,,,,,,,,
7/16/2018 13:00,297.5901467,36.58980671,38.5601708,28.03205821,37.88812425,35.6556034,13.17647811,26.60091218,27.27053627,12.82468845,18.91082907,21.96527016,20.41157418,16.29390163,36.58980671,,,,,,,,,,,,,,,
7/15/2018 13:00,432.6874661,34.57388912,36.29238991,25.3905896,35.22389751,41.09078988,19.71856962,31.289328,63.30286909,52.77468879,54.32259565,27.06037662,25.89759869,20.32377277,34.57388912,,,,,,,,,,,,,,,
7/14/2018 13:00,552.835016,34.22868631,30.20281197,17.76024508,28.65726201,46.35857914,24.61092498,35.99647647,98.3003513,94.02035368,92.14272848,30.96191723,30.83423061,22.98913506,34.22868631,,,,,,,,,,,,,,,
7/13/2018 13:00,546.6444993,37.17076439,30.66592277,17.93576451,28.84730071,45.5494483,23.2539138,34.33151705,94.82946961,91.45901896,89.69669919,35.16090059,31.35482617,23.5597177,37.17076439,,,,,,,,,,,,,,,
7/12/2018 13:00,499.5986097,37.86003874,29.25644291,16.70178899,27.5082711,41.99683243,20.51370058,31.64666252,87.42868157,78.8936198,80.09670352,32.91751189,29.59916588,23.03922848,37.86003874,,,,,,,,,,,,,,,
7/11/2018 13:00,395.0209637,37.52879884,30.36291758,17.07446335,28.17913052,41.91760164,20.82841464,33.13582642,60.23992374,45.63624961,50.16235264,24.82026965,23.86483972,18.79897417,37.52879884,,,,,,,,,,,,,,,
7/10/2018 13:00,346.2973025,37.08726968,35.87322419,23.70350215,33.91188499,39.31530792,18.31143637,31.52856357,42.23334836,25.76169321,30.45251078,24.24401159,23.06255443,17.89926492,37.08726968,,,,,,,,,,,,,,,
7/9/2018 13:00,331.7793362,16.41424201,42.17778882,31.8296231,41.32532397,40.33325081,19.22220029,32.07146925,29.27165825,15.54832904,19.6657247,22.74871696,20.92329995,16.66195109,16.41424201,,,,,,,,,,,,,,,
7/8/2018 13:00,289.328627,24.58783124,35.13717512,23.75246367,33.69156991,34.61400325,13.7185453,26.6579759,27.49248032,12.41509419,18.03059656,23.2645866,22.92982516,17.62431098,24.58783124,,,,,,,,,,,,,,,
7/7/2018 13:00,494.0147698,29.81171149,39.47704068,28.34157439,38.25917129,40.85327751,20.36258568,33.35428068,80.91426399,66.3553814,71.62962519,26.34707872,27.44842944,20.67206087,29.81171149,,,,,,,,,,,,,,,
7/6/2018 13:00,412.1743772,29.86084169,43.1003894,31.36541175,41.47094939,37.83953984,16.51700397,29.41888847,56.3500653,41.23566559,46.34054682,25.88278726,24.49285104,18.16027835,29.86084169,,,,,,,,,,,,,,,
7/5/2018 13:00,365.883319,34.89289892,39.16966873,27.46879147,37.91942197,37.18649583,15.6057228,29.00219085,46.69111839,32.11274622,38.01397243,22.74685508,22.65417461,17.31216063,34.89289892,,,,,,,,,,,,,,,
7/4/2018 13:00,286.4701828,15.41309913,35.91541685,24.29082318,34.90870004,33.86229704,11.27320794,24.60034708,27.33064296,12.54681911,18.55654638,23.41815116,22.2553078,17.51192328,15.41309913,,,,,,,,,,,,,,,
7/3/2018 13:00,241.6553461,35.82561433,29.0742825,16.31762848,27.09761331,30.25456911,7.832491956,20.67304697,23.87859535,9.909635903,16.24797828,22.29954045,21.7357638,16.33420002,35.82561433,,,,,,,,,,,,,,,
7/2/2018 13:00,319.8284038,38.01574081,40.19178578,29.79491997,39.95838961,37.82673494,16.21117916,29.21847788,29.46554376,15.87764734,19.79201944,22.36537623,22.35865237,16.76767728,38.01574081,,,,,,,,,,,,,,,
7/1/2018 13:00,305.2916436,37.80160141,37.43011277,25.56845697,35.96464953,36.17724492,14.85236086,28.30686793,28.75305352,12.89597668,18.9614066,24.71383435,23.51022826,18.15745119,37.80160141,,,,,,,,,,,,,,,
6/30/2018 13:00,417.4036161,36.38790083,28.04870395,15.0368002,26.00049556,40.74738686,19.01177478,32.10388328,69.07305048,56.72725487,61.13333535,25.24790019,25.48278399,18.79024662,36.38790083,,,,,,,,,,,,,,,
6/29/2018 13:00,405.9073072,34.90566566,27.85762675,15.47573784,26.14910633,39.52621002,17.90903725,30.12557144,65.62008444,52.8457463,58.57454131,25.05538923,27.11562252,19.65263376,34.90566566,,,,,,,,,,,,,,,
6/28/2018 13:00,291.2748974,34.89129801,27.98511901,15.55056613,26.34689464,34.8540349,12.90905139,26.15525642,36.85398444,20.76321406,26.70599814,22.80283823,22.91010997,17.4378301,34.89129801,,,,,,,,,,,,,,,
6/27/2018 13:00,281.8388281,37.82981601,31.08056616,19.01088162,29.41665166,33.99654725,12.57932466,25.66362434,31.09062176,15.14545696,21.1092634,22.74432245,22.47264208,17.5289258,37.82981601,,,,,,,,,,,,,,,
6/26/2018 13:00,378.6117972,36.72418294,29.77637366,17.79928193,28.83408645,38.88130456,17.8782511,30.80591147,56.52502027,45.11914736,47.48428873,23.84657233,23.8548455,17.80671385,36.72418294,,,,,,,,,,,,,,,
6/25/2018 13:00,434.0955841,32.81685921,28.49657631,16.2912166,27.08487659,39.98675447,18.75695714,30.7894908,73.61341749,64.42874884,67.06344579,24.79996983,24.40064317,18.38348713,32.81685921,,,,,,,,,,,,,,,
6/24/2018 13:00,390.8258019,34.85235279,37.56901951,26.14841499,36.02797694,40.42329357,18.91647796,30.23103029,51.88226713,38.50920186,42.48229027,25.24727656,24.97598568,18.41256713,34.85235279,,,,,,,,,,,,,,,
6/23/2018 13:00,442.4765484,37.28281425,29.66136539,16.9464463,27.69646166,42.21972944,21.52125787,32.39526129,74.44900086,62.4362405,66.15827611,25.50865608,25.22308794,18.26076493,37.28281425,,,,,,,,,,,,,,,
6/22/2018 13:00,482.6353545,37.58506103,29.43787655,15.840205,27.6448653,39.93498448,18.68086928,30.74192706,88.18990016,79.96809061,81.47977215,25.61286655,25.95507339,19.14892391,37.58506103,,,,,,,,,,,,,,,
6/21/2018 13:00,384.6755578,30.41912571,34.31400122,20.83773986,32.36173311,54.12557713,35.04377144,47.16150569,38.13266229,24.93186595,29.3505277,25.55037446,24.20976735,18.65603156,30.41912571,,,,,,,,,,,,,,,
6/20/2018 13:00,266.5871905,24.15639255,28.15372976,14.80402108,25.22688013,33.77287517,12.68510352,23.64187313,27.81891091,14.82047583,20.00936674,24.53843664,23.25749086,17.85802675,24.15639255,,,,,,,,,,,,,,,
6/19/2018 13:00,241.6579909,12.00700662,23.1767408,7.933638021,19.98531034,32.81892388,10.45283927,22.29023838,27.28412369,14.25179804,19.52804632,24.25887514,22.18003721,17.49741986,12.00700662,,,,,,,,,,,,,,,
6/18/2018 13:00,232.7267137,21.67541146,21.44373646,6.535948148,18.66850585,33.398512,10.74883098,23.73204993,26.2577405,12.76132923,17.10670014,23.1138203,21.94664707,17.01289309,21.67541146,,,,,,,,,,,,,,,
6/17/2018 13:00,369.1847793,25.41555788,24.20839603,9.684597836,22.09244557,37.88759912,15.36478611,27.44437794,60.90279705,48.77102929,53.18247173,25.3843411,25.35963534,18.9023022,25.41555788,,,,,,,,,,,,,,,
6/16/2018 13:00,528.8335617,27.36503926,31.88564882,19.11346764,29.99481116,46.50859161,23.13445817,36.40316296,91.94609591,82.6496196,84.7195944,29.54964925,31.0586699,21.86979228,27.36503926,,,,,,,,,,,,,,,
6/15/2018 13:00,504.3378127,28.25587441,27.62441793,14.77944903,25.97349457,45.39333897,21.08839545,34.61533433,90.19017553,78.96058375,83.28696557,29.16376966,31.29394174,21.96794612,28.25587441,,,,,,,,,,,,,,,
6/14/2018 13:00,419.312795,32.78170031,38.12964754,27.26157487,37.28889098,42.73754133,19.80536108,32.74952927,58.51585809,43.9975395,47.90562602,25.65351836,26.15812366,19.10958433,32.78170031,,,,,,,,,,,,,,,
6/13/2018 13:00,427.5029882,36.31798213,33.26664722,20.84922431,32.05617403,48.09003242,27.49674238,40.29949879,61.87360639,43.7005706,48.55731846,25.17748668,25.33070809,20.8049788,36.31798213,,,,,,,,,,,,,,,
6/12/2018 13:00,439.6964617,33.52623244,26.49279323,12.79091611,24.58417543,36.28807102,16.43609913,28.11415631,83.45758196,67.99036332,73.92595574,23.94209325,25.25994863,20.41430755,33.52623244,,,,,,,,,,,,,,,
6/11/2018 13:00,370.6916023,34.05200774,36.33629751,25.12485339,35.51447532,50.66144943,31.57689228,43.43604267,36.68468523,20.70825298,25.8011769,23.04057198,23.64561719,18.16128745,34.05200774,,,,,,,,,,,,,,,
6/10/2018 13:00,447.5466077,35.22369928,36.96455894,26.13747376,36.13811343,43.11759526,23.16570199,33.83744828,64.03341677,55.78870094,57.41401089,25.37251244,26.24169951,19.33537553,35.22369928,,,,,,,,,,,,,,,
6/9/2018 13:00,369.2228168,27.61951784,40.32905637,30.2709913,39.74157571,40.53238618,20.23554465,32.93122123,39.27552788,25.9481022,31.53371632,24.94439155,24.92684566,18.55345772,27.61951784,,,,,,,,,,,,,,,
6/8/2018 13:00,376.1176924,31.12655737,48.59321105,39.59783147,48.68439441,42.01066756,21.56447527,33.89807681,33.43740464,17.62601127,23.08847289,24.67394559,24.58381381,18.3593876,31.12655737,,,,,,,,,,,,,,,
6/7/2018 13:00,369.3615312,38.50914736,34.43355876,22.91541571,33.13645343,40.72686488,19.81026149,32.53040495,45.56221288,30.47789976,36.14255141,25.45577068,27.62682971,20.54330756,38.50914736,,,,,,,,,,,,,,,
6/6/2018 13:00,369.0850715,37.05641882,23.56574943,9.779144225,21.36631588,35.43922654,14.48441336,26.10200818,64.0862903,51.73548161,57.81873516,23.58039723,23.36436956,17.76294002,37.05641882,,,,,,,,,,,,,,,
6/5/2018 13:00,364.6878943,37.41379557,31.41804075,19.00972129,29.86383164,38.9311292,17.74896089,30.10227287,52.94554905,37.44490344,43.62149791,23.58222353,22.17819401,17.8415697,37.41379557,,,,,,,,,,,,,,,
6/4/2018 13:00,321.066896,28.11071211,39.69877958,28.68292895,38.50472569,40.24850402,19.31625082,31.81844773,28.50417096,14.35010249,19.95353697,22.43835578,20.75589789,16.79519515,28.11071211,,,,,,,,,,,,,,,
6/3/2018 13:00,271.0389775,29.09283764,29.97533515,17.98841343,28.62927505,35.90955471,14.95747995,27.00305023,26.96362456,11.97777103,18.7532766,21.91425725,20.58376323,16.38317634,29.09283764,,,,,,,,,,,,,,,
6/2/2018 13:00,459.196345,37.33613447,35.27610832,24.17208237,34.37174495,40.92342171,20.43724767,32.97786726,76.12010558,61.89044965,66.76411634,23.87128716,23.34359102,19.048323,37.33613447,,,,,,,,,,,,,,,
6/1/2018 13:00,476.3080114,38.21634623,29.81745714,16.62715461,27.44300561,39.26686394,17.55792648,29.08355258,85.76029543,79.08790082,79.97081681,26.07402644,26.53816544,19.08084608,38.21634623,,,,,,,,,,,,,,,
5/31/2018 13:00,478.8993584,36.62489251,30.81616558,17.72423561,29.00209085,49.67961771,29.99720299,41.76318903,76.81351931,63.56260732,68.7927885,25.48411488,25.04815125,20.21567541,36.62489251,,,,,,,,,,,,,,,
5/30/2018 13:00,411.1160756,38.52602021,29.17036714,16.44466738,27.41361163,45.8292516,25.71017735,36.867301,60.97325785,45.45014879,51.28466019,25.19411947,26.53787845,20.24063475,38.52602021,,,,,,,,,,,,,,,
5/29/2018 13:00,254.9399509,37.39734664,28.11316779,15.09117483,25.63427869,33.31911007,12.58686418,24.04999637,27.24391097,11.00349597,16.83786817,21.99030828,21.88913471,17.18064083,37.39734664,,,,,,,,,,,,,,,
5/28/2018 13:00,270.888561,37.38083991,32.91449527,20.25761824,30.89945563,33.10189825,11.79826517,23.8536869,27.70010101,12.68416598,18.91808414,21.40587633,20.94732294,16.40759116,37.38083991,,,,,,,,,,,,,,,
5/27/2018 13:00,313.8280765,36.58176398,21.46136654,7.320959213,18.61075328,34.90825095,13.03622199,23.81521369,49.48430832,38.97068013,43.28171365,23.33512135,23.05373036,16.54975705,36.58176398,,,,,,,,,,,,,,,
5/26/2018 13:00,451.1750343,37.69116212,31.95727027,20.12178674,30.8149935,39.61442601,18.19934978,30.75375107,79.2400528,65.66553281,70.36380914,23.48895229,23.7373601,17.21774978,37.69116212,,,,,,,,,,,,,,,
5/25/2018 13:00,453.7854147,36.1654898,25.41591755,12.07534931,23.73967972,37.21570807,15.35550691,28.41033411,88.3232152,76.77178506,80.83981818,24.49711373,23.79861986,17.34236703,36.1654898,,,,,,,,,,,,,,,
5/24/2018 13:00,403.4464376,35.48394396,28.52286024,15.34913962,25.65045258,40.16737103,19.79941935,31.02181984,65.23849017,52.80590395,54.73364632,25.58442036,25.80138392,18.77153017,35.48394396,,,,,,,,,,,,,,,
5/23/2018 13:00,442.5873628,30.22882869,28.82055181,15.64182642,26.09781866,38.06954363,16.74886266,27.98400598,77.22677243,66.16560813,69.5239489,27.24529167,29.02178206,20.04135044,30.22882869,,,,,,,,,,,,,,,
5/22/2018 13:00,427.0084373,31.88231774,27.41517252,13.88504679,24.91688512,37.98125242,15.61780548,28.44033049,75.22333188,64.42181565,68.39692644,25.68398601,25.18605295,19.8398316,31.88231774,,,,,,,,,,,,,,,
5/21/2018 13:00,316.7911486,32.04118477,28.43631769,15.05635497,26.14283515,43.74372394,22.12637597,35.76352654,34.7355231,20.5583611,26.12108432,23.41406139,22.50341162,18.18957282,32.04118477,,,,,,,,,,,,,,,
5/20/2018 13:00,277.9398161,14.28724835,29.89100659,17.57327716,28.53299654,39.63876542,16.97350102,29.43855604,26.88856396,11.82372803,16.43676406,22.57945902,21.61859024,16.54460806,14.28724835,,,,,,,,,,,,,,,
5/19/2018 13:00,444.5528552,25.83051175,38.39264541,27.4059523,37.92796504,39.55923173,16.003998,28.89245091,69.291048,58.73662726,60.58470865,24.21072134,25.26888466,18.27862189,25.83051175,,,,,,,,,,,,,,,
5/18/2018 13:00,441.0196058,36.45294513,31.73216137,19.05553493,30.34951449,38.56793758,15.24919752,27.73901156,75.37875053,64.55765987,68.32995889,24.96110319,26.3165706,18.78220528,36.45294513,,,,,,,,,,,,,,,
5/17/2018 13:00,374.0354296,37.41880809,35.6154905,24.59987346,34.96994204,54.77110425,33.26392573,46.96490759,34.7454853,18.16623648,23.15521206,23.52361492,25.16537527,19.09426199,37.41880809,,,,,,,,,,,,,,,
5/16/2018 13:00,378.9303645,36.58319873,33.12995118,21.550705,31.58223949,39.57140122,18.03633164,30.69250894,53.53421958,39.97597125,45.21470722,23.49593736,23.77580215,18.37058942,36.58319873,,,,,,,,,,,,,,,
5/15/2018 13:00,361.482301,33.6375412,33.78935403,22.14600041,32.09534269,49.40060013,29.21992198,42.91620828,38.17968721,21.63886965,26.7356563,23.32160683,23.67511314,18.36394038,33.6375412,,,,,,,,,,,,,,,
5/14/2018 13:00,297.7432549,36.42570182,38.16372698,27.1114285,37.1924438,35.14357664,13.56232083,27.25282361,27.8250475,11.28032382,16.71858319,22.61956293,23.06653147,17.80688564,36.42570182,,,,,,,,,,,,,,,
5/13/2018 13:00,262.6090724,31.61194301,32.140097,19.55440705,29.90988612,32.53210611,10.65073082,23.11787796,24.80531142,9.651403495,15.476172,22.45236292,24.36705529,17.95166218,31.61194301,,,,,,,,,,,,,,,
5/12/2018 13:00,212.0738237,33.22788532,22.89706341,8.884925313,19.43231493,29.02185992,6.24429265,19.40127925,21.46532825,7.643211412,13.75124581,21.78194862,24.12998573,17.42036841,33.22788532,,,,,,,,,,,,,,,
5/11/2018 13:00,219.0173114,38.15507307,23.02826406,8.765062037,19.775316,29.65213638,6.950387928,20.51256965,23.43858892,8.610538727,13.60742548,22.56649082,24.39974759,17.71078381,38.15507307,,,,,,,,,,,,,,,
5/10/2018 13:00,454.2508518,38.27742528,30.49292595,17.33351705,27.35459303,51.16043223,31.22065811,42.98271963,64.23471089,51.54257392,54.39936071,29.59532366,30.74262107,23.19141553,38.27742528,,,,,,,,,,,,,,,
5/9/2018 13:00,343.061494,40.31428802,37.80517569,27.56537737,36.98204506,37.50911045,16.54238216,29.55284181,38.3991072,20.836258,26.99266432,25.35008789,25.57133048,19.95511353,40.31428802,,,,,,,,,,,,,,,
5/8/2018 13:00,348.4432768,36.16103712,35.60877029,24.2436285,34.92964673,39.61700821,17.21701388,30.01796478,39.7003456,26.00958118,28.39098358,25.93367407,26.87056837,19.9040916,36.16103712,,,,,,,,,,,,,,,
5/7/2018 13:00,275.936477,39.19514313,31.04893841,18.7373911,29.30089936,36.29338218,14.06459244,27.72925874,25.67934178,9.019400949,14.4934442,23.99214433,26.22732904,19.35035448,39.19514313,,,,,,,,,,,,,,,
5/6/2018 13:00,313.8399726,39.6814061,36.14541074,24.67097944,34.9161736,40.85837963,17.90045918,31.58521453,26.98523779,14.82897563,15.79964085,25.96547711,25.64201244,18.54201167,39.6814061,,,,,,,,,,,,,,,
5/5/2018 13:00,420.1354635,40.15975395,34.94862152,21.89909426,32.93991227,42.70180219,19.61972222,32.41094936,61.47821873,49.51490684,52.28805194,27.73838088,26.10435308,18.49145023,40.15975395,,,,,,,,,,,,,,,
5/4/2018 13:00,428.9727421,16.55947302,31.8277259,18.82422266,29.39540968,63.58802711,44.700731,57.16710763,47.0841717,29.65913252,32.84109279,26.79862966,26.52499175,20.56149968,16.55947302,,,,,,,,,,,,,,,
5/3/2018 13:00,331.8721081,10.19885587,31.39222226,18.76996336,28.71908071,50.2756427,30.16620549,43.26759684,30.38183961,13.0411775,17.70695586,24.72927179,24.10866568,19.31348635,10.19885587,,,,,,,,,,,,,,,
5/2/2018 13:00,353.2040756,21.57462397,28.7742256,15.58954213,26.38321869,50.24689346,31.61351411,44.10732852,39.55880161,24.44930198,28.78762302,23.18645186,22.73062278,17.77655181,21.57462397,,,,,,,,,,,,,,,
5/1/2018 13:00,383.2870633,9.934803414,25.55005485,12.09076178,23.85715208,71.33264921,55.60271177,70.75578598,27.82118255,13.06178362,16.93309432,24.34359086,23.69600295,18.24229335,9.934803414,,,,,,,,,,,,,,,
4/30/2018 13:00,258.1861158,3.759400891,22.57982804,8.557229144,20.27131296,42.36030803,22.27479576,34.96140411,23.36928816,9.091543889,14.68772109,22.4099375,21.1292086,16.49353852,3.759400891,,,,,,,,,,,,,,,
4/29/2018 13:00,261.9107288,9.526490683,25.45866951,11.61800225,23.03832298,36.85843682,13.7676353,25.72211228,28.02064034,14.95122428,14.77657705,24.2615856,24.53139823,18.90612418,9.526490683,,,,,,,,,,,,,,,
4/28/2018 13:00,422.7678378,12.95416365,41.17588078,31.06360022,40.99103499,47.28652317,25.08298676,36.26260673,48.5776242,36.84771735,37.74979926,28.01137417,28.31906704,21.39962318,12.95416365,,,,,,,,,,,,,,,
4/27/2018 13:00,445.0163722,11.1833861,32.80720138,20.67997801,31.6147809,62.09749476,41.61235208,52.55223307,50.20363037,37.04970462,38.4141099,27.72420845,28.28359441,21.97708421,11.1833861,,,,,,,,,,,,,,,
4/26/2018 13:00,369.9266112,12.84770026,31.62392286,19.23875574,30.79911633,55.79472085,33.32242058,45.72512219,35.96509948,20.60659816,23.47673563,26.19577894,26.42815988,20.75018061,12.84770026,,,,,,,,,,,,,,,
4/25/2018 13:00,264.7195212,6.42185184,26.49377515,12.66032409,24.22946382,36.75219277,12.91073668,27.38064493,30.14334219,12.35954944,17.98662608,22.93690836,22.68706027,18.17889742,6.42185184,,,,,,,,,,,,,,,
4/24/2018 13:00,253.265308,11.76601535,28.21640676,15.32202803,26.40610936,32.77470178,10.98719991,25.2532985,25.52941755,10.66454661,15.55401301,22.58034654,22.39854831,17.57869161,11.76601535,,,,,,,,,,,,,,,
4/23/2018 13:00,251.9257309,12.96641765,26.42159755,14.13146278,24.87068916,34.58934433,13.23883991,26.83746545,23.37794573,10.54707328,15.34656741,22.01848591,22.87311462,17.67314479,12.96641765,,,,,,,,,,,,,,,
4/22/2018 13:00,256.4057453,13.51464123,24.63129942,11.54945188,22.79545721,37.98516844,17.75782477,31.40424526,23.69779821,10.0932203,15.89284196,21.50267639,21.9931977,17.10256377,13.51464123,,,,,,,,,,,,,,,
4/21/2018 13:00,314.4906911,6.750028819,24.65413339,11.65407324,22.89435617,34.83681274,12.78645049,27.82491345,46.14089546,31.65110428,35.04473537,24.0368786,24.16502281,18.80131508,6.750028819,,,,,,,,,,,,,,,
4/20/2018 13:00,228.8584019,6.84120456,22.74597012,9.044130752,20.44860966,31.64724259,8.54267338,23.27543868,26.47146175,8.736606111,13.95569896,23.4268706,22.89784752,17.66585174,6.84120456,,,,,,,,,,,,,,,
4/19/2018 13:00,336.056847,11.53881362,25.5387038,12.53463749,23.98168154,48.15974988,28.06829898,41.42099394,38.77681472,24.21306581,27.60767296,24.50528567,23.34833333,17.90160889,11.53881362,,,,,,,,,,,,,,,
4/18/2018 13:00,246.3306751,12.30530122,23.37978767,9.730355752,20.80577181,39.06746127,17.40358772,28.88479617,23.28631891,9.285235058,14.43254847,22.40734105,20.98982193,16.65764929,12.30530122,,,,,,,,,,,,,,,
4/17/2018 13:00,282.7595507,10.9358286,24.65519211,11.22282558,21.71078168,46.48286766,25.6538746,38.21614595,26.45775064,10.34122787,15.35516226,22.83418639,22.17638664,17.65314938,10.9358286,,,,,,,,,,,,,,,
4/16/2018 13:00,215.8933906,13.1737424,21.98469668,8.903585162,20.37683313,31.31103488,8.80579669,22.78929432,23.46707292,7.616622836,14.18721074,20.58664134,19.70973991,16.15486203,13.1737424,,,,,,,,,,,,,,,
4/15/2018 13:00,286.2316258,13.39539831,24.49088039,11.84228769,23.80986471,46.46238193,26.16237708,37.58519381,25.03288295,11.84488248,15.71165126,22.89731675,23.04408923,17.34781755,13.39539831,,,,,,,,,,,,,,,
4/14/2018 13:00,301.3124178,14.19514483,25.97438022,13.06801721,24.31400064,48.20593784,28.20122071,40.12888376,26.88188288,12.45212487,17.39201965,23.0872898,24.05827935,17.54838091,14.19514483,,,,,,,,,,,,,,,
4/13/2018 13:00,364.2226267,11.23171631,28.616067,15.54386064,27.52493223,49.48181583,30.52452697,41.24196535,41.79729558,27.58593149,31.71417185,24.83808898,25.76685095,19.58711978,11.23171631,,,,,,,,,,,,,,,
4/12/2018 13:00,251.93491,8.134276354,24.80735116,11.23876285,22.81514236,32.38740705,11.73070885,24.05711385,29.67740201,14.01127597,19.0160226,23.1775286,21.61690406,17.39929067,8.134276354,,,,,,,,,,,,,,,
4/11/2018 13:00,225.237066,10.83641487,23.67682574,10.32223324,21.33750716,32.30095369,10.59788869,23.65207016,23.14438288,9.140810868,14.13068491,21.38342556,19.90918537,15.6410977,10.83641487,,,,,,,,,,,,,,,
4/10/2018 13:00,233.5485073,13.13704875,23.67393075,10.18798655,22.27420132,33.41201476,10.19380894,25.34589829,26.24576207,7.895413368,13.70465711,22.43532515,20.97640394,17.20310508,13.13704875,,,,,,,,,,,,,,,
4/9/2018 13:00,239.5487452,6.441013553,22.78030375,9.786439144,21.11701045,36.74841566,14.64911423,28.88797759,25.49328565,7.696084306,14.18712962,21.29118666,20.21543323,16.69636495,6.441013553,,,,,,,,,,,,,,,
4/8/2018 13:00,215.4061912,11.43353016,22.44495767,8.650485243,20.65194428,31.67851184,9.033134525,21.80497418,23.77092013,6.866952164,14.08737867,20.91050434,18.9451771,16.56125108,11.43353016,,,,,,,,,,,,,,,
4/7/2018 13:00,314.0606632,5.648394201,24.72598012,12.20594626,24.20877034,37.5919263,14.13565236,26.32109802,44.68324286,31.85456316,36.13701021,22.6997867,21.79535127,17.70133563,5.648394201,,,,,,,,,,,,,,,
4/6/2018 13:00,377.4403432,6.220451979,27.5583027,14.76066139,26.47483086,39.69369296,16.86018339,30.05348271,57.76099911,49.03594226,50.27027541,24.22152999,22.5980141,18.15242838,6.220451979,,,,,,,,,,,,,,,
4/5/2018 13:00,276.2270552,6.432106435,23.34767206,10.27040771,21.52860359,43.29884544,21.5794931,34.67538609,29.09943294,12.98633951,17.69796289,22.91107748,21.22912604,17.60270838,6.432106435,,,,,,,,,,,,,,,
4/4/2018 13:00,287.6154388,11.2049058,24.89824345,11.22811909,23.08236168,45.63144095,24.40311888,37.57425854,26.63701509,12.9465189,14.03555785,25.26529979,23.20398808,18.70951651,11.2049058,,,,,,,,,,,,,,,
4/3/2018 13:00,375.0282842,7.890662731,28.49540796,15.98924813,26.77478053,62.8451985,45.18899413,57.44822772,29.61279747,16.23742803,18.70853369,27.44103506,26.0289835,20.25764953,7.890662731,,,,,,,,,,,,,,,
4/2/2018 13:00,284.7353955,10.24983784,25.21778232,11.68844478,23.08260322,41.52800454,21.33863669,33.80236456,30.7303208,12.4778345,18.20919676,24.02897703,23.64649247,18.98473784,10.24983784,,,,,,,,,,,,,,,
4/1/2018 13:00,230.6743703,10.8202785,23.83770469,10.45657638,21.39820944,31.82301294,11.24223765,22.64499649,25.16954623,8.396516134,15.04417897,22.15101519,21.18828184,17.32209439,10.8202785,,,,,,,,,,,,,,,
3/31/2018 13:00,347.3991722,15.77649751,26.580175,13.87132002,25.42114384,43.01594155,22.80731651,35.26432935,46.14232499,33.04837625,38.90758911,23.12246076,21.28019666,17.93799821,15.77649751,,,,,,,,,,,,,,,
3/30/2018 13:00,227.6102841,17.83297927,22.84850109,9.4760675,20.73755203,32.07513438,9.542535058,22.66159206,25.46940457,9.337256458,15.60488779,22.22854778,20.4765945,17.15221088,17.83297927,,,,,,,,,,,,,,,
3/29/2018 13:00,220.9757415,19.29709735,23.10641921,9.61592412,20.42125117,31.48388464,8.624285995,22.02707972,23.50637431,8.641360567,13.55548387,22.19645792,20.86217512,16.93504484,19.29709735,,,,,,,,,,,,,,,
3/28/2018 13:00,245.5499468,8.711381655,22.68428675,9.155322685,20.06303159,38.79343037,15.89631946,28.677871,23.29247689,11.46604259,13.81288873,23.34804769,21.32638706,17.03384198,8.711381655,,,,,,,,,,,,,,,
3/27/2018 13:00,292.5930009,2.882026968,26.63868154,13.61127907,24.1632446,41.66332351,20.33369594,33.24183578,31.24887904,17.06828211,21.90564618,22.87289096,21.63679112,18.20845104,2.882026968,,,,,,,,,,,,,,,
3/26/2018 13:00,235.6460608,14.71130899,23.62885413,10.82755732,21.4634269,34.76575454,13.05180524,25.80852058,23.89171903,7.799550451,14.05160377,21.93477042,20.89788885,17.52460958,14.71130899,,,,,,,,,,,,,,,
3/25/2018 13:00,290.9239928,7.319058322,25.21412631,12.40344274,23.20738178,45.66971223,24.31526118,35.97976814,27.65537902,14.73145891,15.48364751,24.16837091,23.2495531,18.84589093,7.319058322,,,,,,,,,,,,,,,
3/24/2018 13:00,404.0671629,9.849404942,29.41066292,18.65297039,28.38534912,51.69587434,31.80485289,43.24530953,51.01942898,39.62184441,40.67845425,25.32096947,24.44128615,19.79016045,9.849404942,,,,,,,,,,,,,,,
3/23/2018 13:00,410.1046899,7.377621042,28.68460394,17.91158118,27.71121129,52.23725494,31.26584567,43.76659572,53.39509468,42.19630053,42.92248319,26.16767059,24.01167573,19.83437241,7.377621042,,,,,,,,,,,,,,,
3/22/2018 13:00,275.0393794,10.73999757,25.45697155,12.75230995,23.15094749,39.89396235,19.31545326,32.26567493,27.91391788,11.75266492,14.86248861,24.65431613,23.3712037,19.64946862,10.73999757,,,,,,,,,,,,,,,
3/21/2018 13:00,239.7534069,17.83737604,23.08643373,10.69454112,21.43349646,32.15902441,10.21427561,24.42593521,28.09324436,10.74770964,15.73452912,22.8189958,21.6965235,18.64869795,17.83737604,,,,,,,,,,,,,,,
3/20/2018 13:00,236.1307814,19.52294733,22.59126237,9.415708102,19.84952042,32.28864218,10.82970958,24.95707763,27.24496167,11.64369722,15.56568088,22.38291531,21.77026616,17.59133993,19.52294733,,,,,,,,,,,,,,,
3/19/2018 13:00,220.0887277,23.51995586,22.12660994,8.585166644,19.50496359,30.91619269,8.607685347,22.03869027,24.65430924,8.625738449,14.3847067,21.8218078,21.58727049,17.23558654,23.51995586,,,,,,,,,,,,,,,
3/18/2018 13:00,221.5249164,21.33555921,23.13474232,9.395513368,20.06367586,32.14977622,9.351087731,21.69656875,23.84034954,7.212281019,13.31855854,21.49606138,20.8994988,18.96680285,21.33555921,,,,,,,,,,,,,,,
3/17/2018 13:00,208.1505098,13.36094146,22.296497,9.024047928,19.09251802,29.51497108,7.638614514,20.31253988,21.23311888,7.16932941,13.81971892,20.99398052,20.43410845,16.62106523,13.36094146,,,,,,,,,,,,,,,
3/16/2018 13:00,210.8150741,22.07024135,22.70165414,8.954392419,19.5360039,30.26648139,8.087315104,20.39193713,21.27371657,7.379173785,14.16302453,21.12731472,20.51513045,16.41892999,22.07024135,,,,,,,,,,,,,,,
3/15/2018 13:00,219.466884,11.65117793,23.06510769,9.174439433,20.00835629,32.50175485,9.929186944,23.18018404,21.60535663,7.750654225,14.00682841,21.49535722,20.59320428,16.15645401,11.65117793,,,,,,,,,,,,,,,
3/14/2018 13:00,213.6121208,26.18985714,22.04969831,8.73159191,19.47064607,31.41239627,10.26506001,22.51714057,20.57854883,7.080813808,13.4077586,21.72490814,20.20061256,16.17294569,26.18985714,,,,,,,,,,,,,,,
3/13/2018 13:00,229.237427,27.47249197,22.29656249,8.905919907,20.22768113,32.67217086,12.73140401,24.56608765,22.6237444,9.144739988,15.1255747,22.61137058,21.2745888,17.05758247,27.47249197,,,,,,,,,,,,,,,
3/12/2018 13:00,219.527141,29.75214605,21.12701362,7.88137978,19.24002648,31.06956934,11.19624711,23.66813453,22.32338897,9.117224201,13.91175242,22.03421302,21.18407837,16.77411314,29.75214605,,,,,,,,,,,,,,,
3/11/2018 13:00,293.2412711,12.10445069,25.72108771,13.10282138,23.37801576,45.19130093,24.89018999,37.10447219,24.6774738,15.26671514,15.51133732,25.30971229,24.8982336,18.18991104,12.10445069,,,,,,,,,,,,,,,
3/10/2018 12:00,424.0549374,19.77662475,31.47206795,19.59230785,29.64584073,55.24343063,35.47240521,47.19447085,48.16636569,40.92404703,39.50493108,28.08999436,28.17865296,20.5704231,19.77662475,,,,,,,,,,,,,,,
3/9/2018 12:00,405.3854188,12.64726548,29.90216556,18.12472193,28.62505917,67.74791946,51.48854973,63.1049067,31.06576169,16.56445887,18.54547383,28.09263086,29.3629312,22.76083979,12.64726548,,,,,,,,,,,,,,,
3/8/2018 12:00,271.487868,21.24172595,25.26573749,13.01240214,23.89884858,37.63334634,16.96543517,30.33476757,28.75558616,10.40777885,15.12754043,24.55103744,25.36986281,20.16552506,21.24172595,,,,,,,,,,,,,,,
3/7/2018 12:00,240.6814305,28.04902905,22.87152061,10.56496396,21.16395808,33.80106843,12.61551671,26.11026087,25.52965811,8.162389294,13.79090325,23.36134904,23.91160054,18.79824159,28.04902905,,,,,,,,,,,,,,,
3/6/2018 12:00,286.4425147,27.8912544,24.48021938,12.10984341,21.93607774,46.50601943,26.04725904,37.5057728,27.15172034,11.21582457,15.03923032,23.20459014,23.5469874,17.69897017,27.8912544,,,,,,,,,,,,,,,
3/5/2018 12:00,271.6905422,19.5435024,25.58013301,12.95616774,22.66604999,39.02052455,17.88968323,30.59177556,28.25787905,11.24522769,17.0026335,24.32955226,23.03775061,19.11316499,19.5435024,,,,,,,,,,,,,,,
3/4/2018 12:00,216.5900959,11.18428191,22.79849569,9.829016829,20.37117397,31.1172802,7.333915856,21.29916417,23.70875303,7.069569016,14.61653321,21.7965499,19.85613811,16.7935059,11.18428191,,,,,,,,,,,,,,,
3/3/2018 12:00,376.378876,4.300363588,27.84287171,15.70126904,25.82612332,60.45464245,41.75761315,55.52220973,34.30884759,14.34159173,21.02884778,28.96162245,27.04175362,23.59148338,4.300363588,,,,,,,,,,,,,,,
3/2/2018 12:00,402.7676309,21.59927706,28.78518787,17.54647189,27.59496817,63.79905505,47.26132427,58.95637983,31.97878135,14.03335817,20.60056671,32.81670666,32.79621138,26.59861961,21.59927706,,,,,,,,,,,,,,,
3/1/2018 12:00,307.9121322,24.17113551,29.41892185,18.24016162,28.1322492,40.44504838,19.81646765,32.07949804,30.77136569,11.1958195,17.99774248,27.7011462,28.1406696,23.97304201,24.17113551,,,,,,,,,,,,,,,
2/28/2018 12:00,326.0455596,14.27645907,28.25528999,15.67616688,25.81485961,41.56713545,19.6596139,32.79894431,39.75209447,22.26670072,27.57960733,25.13500853,26.46046354,21.07967487,14.27645907,,,,,,,,,,,,,,,
2/27/2018 12:00,360.9157027,8.603292917,28.36673383,15.65473476,25.64715993,60.73378585,42.08469625,54.99314109,26.80122031,15.69370002,17.09027743,25.81819904,27.25638279,20.77567137,8.603292917,,,,,,,,,,,,,,,
2/26/2018 12:00,263.7737296,13.50589192,24.30519021,11.6232021,22.10101578,38.52132081,17.17329157,29.47588469,26.80777097,11.19050777,15.60048404,24.62216086,23.50952424,18.84337654,13.50589192,,,,,,,,,,,,,,,
2/25/2018 12:00,261.8729044,18.30015026,21.32367947,8.441683333,19.06176094,40.38986298,19.55625279,33.20473912,25.64184931,12.78980391,14.77999344,24.88296669,23.47907049,18.32124192,18.30015026,,,,,,,,,,,,,,,
2/24/2018 12:00,303.2706333,9.111183322,20.87928241,8.417994803,18.3996241,51.74535867,30.54277953,42.79397229,29.75709865,13.05614831,15.51263024,27.74908615,25.64469345,18.77196473,9.111183322,,,,,,,,,,,,,,,
2/23/2018 12:00,368.2832541,6.546325544,24.15383626,11.80107807,22.30899131,62.35973992,43.47642722,54.40188559,33.5775661,18.99418053,20.98299502,28.8402502,27.29531198,20.09099189,6.546325544,,,,,,,,,,,,,,,
2/22/2018 12:00,342.2861278,2.58825559,23.76195425,12.25791278,22.17770112,55.76108723,37.98743357,47.21806112,31.35362664,17.80591853,19.35026975,28.02169718,26.68713892,19.90332674,2.58825559,,,,,,,,,,,,,,,
2/21/2018 12:00,285.1126575,1.685581586,22.65780648,10.3079273,20.68757946,42.29264344,22.16949331,32.63142383,28.96825732,14.72170204,17.01209644,27.72982668,25.97926983,19.95463135,1.685581586,,,,,,,,,,,,,,,
2/20/2018 12:00,219.0546792,1.11780081,19.96514304,7.007707674,17.26654419,32.16611512,9.960341331,22.48612381,25.66825113,9.093295058,14.72070267,22.38003144,21.32157059,17.01885319,1.11780081,,,,,,,,,,,,,,,
2/19/2018 12:00,206.6806498,4.839123519,20.00039811,6.609606887,17.31736082,30.90208298,8.485782593,20.59874678,23.23707551,7.257683241,13.9051014,21.75781953,20.20421813,16.40477384,4.839123519,,,,,,,,,,,,,,,
2/18/2018 12:00,198.0314787,10.31481494,18.42388426,4.988367731,15.58390898,30.84605353,8.31600044,21.67717712,21.98320499,6.879198044,13.65059497,21.24327426,19.05986447,15.37994987,10.31481494,,,,,,,,,,,,,,,
2/17/2018 12:00,270.1002337,6.167391204,20.45810918,7.357199757,18.0853116,45.37328125,23.67244657,36.410195,25.66777278,15.89674725,15.39951772,23.36201745,21.91893559,16.49869956,6.167391204,,,,,,,,,,,,,,,
2/16/2018 12:00,325.1445689,4.245092523,23.22873042,11.34229237,20.96918629,55.96922358,35.88328957,48.52505249,26.04576194,18.3265884,17.98022732,24.7986261,24.22190696,17.85368346,4.245092523,,,,,,,,,,,,,,,
2/15/2018 12:00,240.9120872,6.519396898,20.94865798,8.130538993,18.80926851,36.99643772,13.54158048,27.76462847,26.97573053,9.518922222,15.55701267,22.8801498,21.76139354,18.02776633,6.519396898,,,,,,,,,,,,,,,
2/14/2018 12:00,218.27749,12.45239204,19.97066994,6.427926771,17.68979725,34.21229829,10.80355863,24.48845338,23.62633951,8.031028958,14.84515902,21.92313218,20.13708171,16.12204439,12.45239204,,,,,,,,,,,,,,,
2/13/2018 12:00,236.0328841,2.589934537,21.55113872,8.242973461,19.53848427,34.43097265,12.76856366,27.0144771,23.23514957,10.8341362,16.78870997,22.94499462,21.82338277,16.85990109,2.589934537,,,,,,,,,,,,,,,
2/12/2018 12:00,237.9863929,15.00888538,24.03602582,11.32794832,22.25821375,32.9497497,12.67010977,25.12080252,24.21888808,9.61320831,16.66371228,22.15127041,20.14385173,16.83261218,15.00888538,,,,,,,,,,,,,,,
2/11/2018 12:00,241.466128,12.35199971,25.92944022,10.61549035,24.42824056,34.14016494,14.0599301,26.51290269,22.55913896,8.873035579,15.57204771,21.84323965,19.90371816,17.02877907,12.35199971,,,,,,,,,,,,,,,
2/10/2018 12:00,331.0396207,2.281054792,30.91476157,18.1120563,29.33321115,42.61450707,23.50101486,36.1802809,33.86157411,17.61730855,22.50336284,27.65488707,27.44832348,21.29833278,2.281054792,,,,,,,,,,,,,,,
2/9/2018 12:00,243.2069719,2.848274271,22.31740323,9.632849039,20.30878781,33.05380818,11.80071745,25.27118776,27.52374622,12.47217367,16.5420621,23.70922495,22.89140428,17.68360716,2.848274271,,,,,,,,,,,,,,,
2/8/2018 12:00,239.9631214,14.87768632,22.72508016,10.26476494,20.79514699,34.8885792,12.56675043,25.02428575,25.28547139,11.91100111,14.45455544,23.79335095,21.97785632,16.27627874,14.87768632,,,,,,,,,,,,,,,
2/7/2018 12:00,255.0646463,16.30699752,25.77096255,13.3005908,24.59895661,33.40542605,11.68966985,25.12984579,26.55377439,13.02535049,17.08425874,23.99399441,22.38388016,18.12793646,16.30699752,,,,,,,,,,,,,,,
2/6/2018 12:00,297.5688467,1.379268044,28.07941999,15.09384674,25.78816755,44.09903604,25.37851257,37.18488776,27.01671462,12.02030409,17.21196398,23.91487078,22.52960381,19.25151877,1.379268044,,,,,,,,,,,,,,,
2/5/2018 12:00,266.033414,9.657468495,24.26451014,11.60380576,22.20058096,39.33525755,19.62934689,31.55797619,26.15513298,10.02904179,15.68961317,24.22306281,22.8098601,18.53522565,9.657468495,,,,,,,,,,,,,,,
2/4/2018 12:00,223.235588,19.55483806,22.65782227,9.273306748,19.99181679,31.60347902,10.5002587,24.4626374,22.15069346,7.602275775,13.81445971,23.45600863,20.70415039,17.01867907,19.55483806,,,,,,,,,,,,,,,
2/3/2018 12:00,376.6082691,8.831553044,26.00256927,13.57265652,23.75477787,53.36702521,33.22271388,47.54306543,37.18171078,23.74224245,22.43652177,34.38613679,33.53568534,27.86316376,8.831553044,,,,,,,,,,,,,,,
2/2/2018 12:00,270.3313753,12.29397855,25.43290145,11.01176816,22.63065432,35.96074194,12.1194306,28.10459059,29.0866597,11.13320354,17.95993145,28.34900673,26.44670309,22.09578374,12.29397855,,,,,,,,,,,,,,,
2/1/2018 12:00,252.6565295,16.37862917,23.01924358,9.742908738,20.66149588,35.93431326,12.37983818,26.78722294,28.51365811,10.08874148,17.0344261,25.31986742,23.16396455,20.01084923,16.37862917,,,,,,,,,,,,,,,
1/31/2018 12:00,235.4083899,22.00887363,22.05353869,8.729119954,19.55559424,33.56893304,10.80873465,25.28675175,26.42499689,10.33759385,15.61148612,23.15679125,22.1295056,17.74534385,22.00887363,,,,,,,,,,,,,,,
1/30/2018 12:00,255.563527,22.24574625,23.24127835,10.56287681,21.32450455,34.09104846,11.91979162,26.88858716,28.81226993,12.81254059,17.91811189,25.23981392,23.96596146,18.78674232,22.24574625,,,,,,,,,,,,,,,
1/29/2018 12:00,232.8638774,26.03779247,22.45336932,9.420078391,20.2961211,32.56022042,11.42880664,25.29206414,24.94575909,9.848443785,16.7666299,22.40704581,20.59269063,16.85264821,26.03779247,,,,,,,,,,,,,,,
1/28/2018 12:00,294.6127178,25.00694853,24.55060434,11.68228735,22.5052602,46.2165724,26.59747058,39.45670207,26.36576975,14.38130982,16.78776074,24.73761407,23.2216027,18.10976381,25.00694853,,,,,,,,,,,,,,,
1/27/2018 12:00,354.2906093,11.83070198,26.42952515,13.95158013,24.62093983,56.4560398,36.99128501,49.34657799,29.57399058,21.19761634,21.09979554,27.79394351,27.05678631,19.77252912,11.83070198,,,,,,,,,,,,,,,
1/26/2018 12:00,379.3013225,2.714378171,28.44186273,15.8574147,26.77012098,63.16983097,46.42191411,59.3100298,30.54361086,19.10919727,20.2555897,25.18550539,24.78259341,19.45365259,2.714378171,,,,,,,,,,,,,,,
1/25/2018 12:00,327.6161882,14.62429654,26.44165866,13.62937737,24.42137705,52.95801306,33.63943132,46.48666583,29.94287861,13.22769924,18.72590012,24.73748361,23.90650228,19.49920109,14.62429654,,,,,,,,,,,,,,,
1/24/2018 12:00,333.1991484,24.17332863,29.45540329,15.90420809,27.56225655,49.41222613,30.02870931,41.85213043,29.45535363,14.13678935,18.00288341,28.7360255,27.74382914,20.90933361,24.17332863,,,,,,,,,,,,,,,
1/23/2018 12:00,286.0856533,22.00499892,27.08822372,13.11639308,24.75440135,39.12716088,17.45533286,31.93569971,29.78783232,12.7935641,18.56789854,26.07725276,25.24151228,20.14038173,22.00499892,,,,,,,,,,,,,,,
1/22/2018 12:00,236.5738848,25.71421009,22.62208142,9.127834965,20.0187458,33.05475477,11.1449846,25.2793028,27.40517127,10.84342536,15.80001063,22.51550769,21.53251619,17.22954927,25.71421009,,,,,,,,,,,,,,,
1/21/2018 12:00,327.6893951,10.30232913,23.79783214,11.45741037,22.64872549,55.61674036,34.95402789,48.63365804,29.89179681,14.76668262,17.33204898,25.62393336,24.01609238,18.95044662,10.30232913,,,,,,,,,,,,,,,
1/20/2018 12:00,321.1723962,7.754949664,24.79497573,12.62069236,23.28980405,53.95176448,33.09656956,47.32504859,29.26698786,15.6241534,17.6589296,23.65670519,22.61569427,17.27107109,7.754949664,,,,,,,,,,,,,,,
1/19/2018 12:00,295.6671722,5.775362245,26.33062119,13.04108432,24.82292826,42.27504881,20.22637666,34.60331499,28.33096174,14.32644464,18.16307237,26.56194513,26.01900412,20.96636998,5.775362245,,,,,,,,,,,,,,,
1/18/2018 12:00,320.089855,8.245656609,31.40166734,19.30852277,30.55561385,40.26270706,17.37986588,32.09540404,29.54022244,17.41780181,19.32878601,29.66438897,28.93232794,24.20254685,8.245656609,,,,,,,,,,,,,,,
1/17/2018 12:00,267.8238471,12.28538216,28.35344623,13.55630439,26.62606259,32.65011476,11.62868831,24.59555948,28.29611542,13.03482081,19.71636337,24.87206742,23.87152425,20.62278008,12.28538216,,,,,,,,,,,,,,,
1/16/2018 12:00,264.9870143,5.322729201,28.88896751,15.30939037,28.21691548,33.95109434,13.18850016,27.71652909,25.58606971,13.00311254,18.95994126,22.0957314,20.33192381,17.73883861,5.322729201,,,,,,,,,,,,,,,
1/15/2018 12:00,233.6740587,4.189582604,23.72507306,9.710343993,22.02693238,31.86005343,10.49955844,25.12594193,25.56917449,10.80144449,17.31267463,21.26642759,18.91154576,16.86488852,4.189582604,,,,,,,,,,,,,,,
1/14/2018 12:00,275.3885852,12.7131347,26.17397337,12.79048598,24.47137451,37.52705035,15.92904903,28.62656907,28.58096132,17.10432413,17.0555566,24.76689425,22.84214017,19.52020645,12.7131347,,,,,,,,,,,,,,,
1/13/2018 12:00,303.6180963,14.4274977,29.55060113,17.82167391,27.67803429,39.49662116,18.28725588,31.71351984,33.43836105,18.12671317,18.95894292,24.39738648,24.03904369,20.10994276,14.4274977,,,,,,,,,,,,,,,
1/12/2018 12:00,295.7271145,14.54511319,28.6186864,17.10059373,27.03992673,38.54208755,18.57139151,30.7980028,30.14123042,19.01461359,18.82138622,24.67927857,23.29664921,19.10326782,14.54511319,,,,,,,,,,,,,,,
1/11/2018 12:00,303.9223285,9.85917765,26.59878707,15.06678968,24.49793435,45.21566016,27.04753888,40.52393065,29.39885946,12.29004838,17.35395586,24.11096372,23.18966236,18.62819795,9.85917765,,,,,,,,,,,,,,,
1/10/2018 12:00,290.1973738,8.984994039,27.22389331,13.95812546,25.24665861,41.34115546,21.07683686,34.84566201,29.37943237,12.51098914,18.04649742,23.68992211,23.50401486,19.37418618,8.984994039,,,,,,,,,,,,,,,
1/9/2018 12:00,273.9927022,10.50774534,25.72067102,13.00116095,22.99517788,40.02341566,20.17523424,34.88698935,26.98789129,10.71519854,16.66516872,22.05684843,22.35601115,18.40893502,10.50774534,,,,,,,,,,,,,,,
1/8/2018 12:00,225.450898,13.82787041,22.31811237,8.974219942,19.57086933,33.29422175,12.10071964,26.04706924,24.6469973,8.585909225,14.43395853,20.72334808,18.9039244,15.85154818,13.82787041,,,,,,,,,,,,,,,
1/7/2018 12:00,293.4359093,3.890610718,24.29823807,12.02653495,21.98200414,46.38459523,26.64421499,38.61356567,25.07431112,17.69319171,15.86186749,24.0914656,23.45522992,17.31069038,3.890610718,,,,,,,,,,,,,,,
1/6/2018 12:00,299.6842028,4.087954398,25.20090043,11.81624186,22.82735272,47.6240636,26.37079482,39.97652439,26.7350519,17.36483779,17.42708232,24.84430028,22.46089883,17.03615391,4.087954398,,,,,,,,,,,,,,,
1/5/2018 12:00,261.0012915,12.45927113,23.30041776,10.47431624,20.8510742,38.52951177,17.58829,30.7670999,26.78903674,13.98118778,16.9743613,23.34204561,21.17665589,17.22729436,12.45927113,,,,,,,,,,,,,,,
1/4/2018 12:00,231.3979569,7.269848021,21.88778726,9.113352442,19.77302495,33.44479565,12.76171704,26.15192133,24.52844074,9.121756019,15.51272466,22.32860367,19.85507681,16.9187563,7.269848021,,,,,,,,,,,,,,,
1/3/2018 12:00,234.1564239,14.15306718,21.52945122,6.380324861,19.64791589,32.73896727,12.12008374,25.95947083,27.5825394,12.78955781,18.57378648,21.35453486,19.03232603,16.4474655,14.15306718,,,,,,,,,,,,,,,
1/2/2018 12:00,256.5651354,4.160112315,26.19558558,10.91192877,24.69963448,33.98877228,14.03525475,28.04472934,26.0418611,13.88264289,18.51057397,23.00013469,19.82437392,17.42964365,4.160112315,,,,,,,,,,,,,,,
1/1/2018 12:00,236.4751367,2.881548993,21.88093819,7.612156736,19.83278785,34.00651031,14.24238936,27.49794684,25.85641267,12.00052232,18.41468,20.64738421,18.54377204,15.93963618,2.881548993,,,,,,,,,,,,,,,
