"Date & Time","use [kW]","gen [kW]","Register 1 [kW]","Register 2 [kW]","Register 3 [kW]","Register 4 [kW]","Register 5 [kW]","Register 6 [kW]","Register 7 [kW]","Register 8 [kW]","Register 9 [kW]","Register 10 [kW]","Register 11 [kW]","Register 12 [kW]","Solar [kW]"
2019-03-29 23:55:00,196.675910000,-1.527266667,17.532806667,4.033960000,15.260406667,29.128830000,4.680596667,19.580260000,22.231263333,9.413113333,13.375300000,24.064710000,22.645576667,14.729086667,-1.527266667
2019-03-29 23:50:00,193.230316667,-1.556950000,18.785280000,4.466190000,15.818193333,29.227083333,5.071200000,19.824130000,23.807066667,10.790906667,14.597786667,19.782616667,19.430153333,11.629710000,-1.556950000
2019-03-29 23:45:00,200.095543333,-1.565503333,22.023840000,8.241273333,19.459840000,28.722313333,5.075810000,19.730350000,22.601766667,9.353496667,13.393430000,19.266066667,19.836053333,12.391303333,-1.565503333
2019-03-29 23:40:00,198.485956667,-1.548126667,19.413530000,5.414766667,16.658910000,29.575403333,5.526550000,19.989763333,22.351436667,9.184053333,13.467803333,21.105130000,21.501170000,14.297440000,-1.548126667
2019-03-29 23:35:00,200.956530000,-1.557540000,19.563686667,4.922116667,16.071310000,30.879206667,5.562093333,20.372056667,22.357836667,8.974403333,13.595960000,21.979190000,21.873146667,14.805523333,-1.557540000
2019-03-29 23:30:00,193.618386667,-1.562400000,19.484016667,5.213330000,16.361710000,30.732503333,5.152726667,20.413833333,22.988540000,9.350313333,13.612986667,19.384783333,19.210846667,11.712796667,-1.562400000
2019-03-29 23:25:00,194.931526667,-1.556410000,18.867806667,4.110693333,15.707566667,30.700776667,5.253296667,20.424100000,22.506113333,8.933986667,14.113300000,20.593003333,20.559686667,13.161196667,-1.556410000
2019-03-29 23:20:00,195.467100000,-1.557810000,18.018830000,4.169516667,15.733930000,30.865803333,5.565023333,20.798666667,21.306826667,7.995373333,13.539813333,21.263300000,21.832393333,14.377623333,-1.557810000
2019-03-29 23:15:00,198.436666667,-1.561113333,17.439323333,3.882260000,14.948783333,30.885320000,6.028466667,20.839526667,21.854043333,8.617303333,14.014530000,20.586683333,24.078463333,15.261963333,-1.561113333
2019-03-29 23:10:00,193.520116667,-1.566040000,18.140993333,4.101246667,15.222263333,30.667066667,6.005323333,20.384080000,22.208873333,8.653860000,13.998720000,18.774036667,21.834810000,13.528843333,-1.566040000
2019-03-29 23:05:00,210.665243333,-1.557620000,18.125163333,4.436913333,15.290043333,29.459370000,5.356553333,20.147326667,23.330440000,10.011586667,15.181623333,23.637026667,27.538420000,18.150776667,-1.557620000
2019-03-29 23:00:00,210.214110000,-1.553743333,22.220100000,8.501033333,18.788483333,29.205923333,4.818243333,20.023383333,21.770783333,8.662686667,14.109486667,21.746720000,24.895666667,15.471600000,-1.553743333
2019-03-29 22:55:00,214.694626667,-1.565693333,21.952316667,7.469556667,17.791780000,29.496526667,5.186383333,20.140053333,23.629413333,10.627983333,15.252700000,21.920370000,22.568900000,18.658643333,-1.565693333
2019-03-29 22:50:00,197.104753333,-1.565820000,20.614396667,5.259156667,16.002886667,29.576330000,5.162223333,19.974466667,23.384356667,9.930380000,14.060960000,18.849610000,19.750386667,14.539600000,-1.565820000
2019-03-29 22:45:00,204.405463333,-1.565313333,20.723303333,5.534180000,16.253013333,30.719166667,6.722923333,21.434590000,24.364126667,11.166670000,15.428826667,19.475123333,20.014073333,12.569466667,-1.565313333
2019-03-29 22:40:00,207.947576667,-1.556163333,18.892993333,4.760306667,16.129156667,31.485103333,7.400710000,21.791016667,24.568883333,11.563636667,15.830636667,20.442960000,21.370500000,13.711673333,-1.556163333
2019-03-29 22:35:00,213.417396667,-1.561373333,18.841850000,4.561383333,15.691986667,32.730853333,8.061280000,22.203000000,24.549486667,11.605240000,16.009703333,21.976053333,22.503836667,14.682723333,-1.561373333
2019-03-29 22:30:00,207.747396667,-1.563716667,20.462263333,6.297246667,17.575533333,31.554633333,6.126256667,21.208503333,25.253900000,12.067530000,16.117773333,19.312983333,19.854813333,11.915960000,-1.563716667
2019-03-29 22:25:00,207.895533333,-1.561680000,18.494743333,4.720840000,15.710360000,32.326906667,6.682226667,21.619046667,25.342513333,12.085123333,16.708906667,20.263310000,20.797253333,13.144303333,-1.561680000
2019-03-29 22:20:00,208.682823333,-1.560313333,20.227346667,6.216993333,17.355086667,31.324746667,5.494890000,20.483776667,23.932850000,10.867913333,16.173880000,20.954723333,21.584580000,14.066036667,-1.560313333
2019-03-29 22:15:00,214.164960000,-1.556730000,21.325456667,8.235340000,19.275903333,31.176566667,6.186040000,20.708403333,23.304466667,10.173446667,15.489696667,21.653763333,21.978063333,14.657813333,-1.556730000
2019-03-29 22:10:00,195.789636667,-1.562430000,18.333466667,4.601770000,15.833030000,30.728616667,5.939053333,20.177640000,24.085433333,11.056886667,16.409073333,18.918170000,18.509806667,11.196690000,-1.562430000
2019-03-29 22:05:00,200.849346667,-1.558666667,17.732023333,3.965703333,15.121460000,29.836026667,5.537930000,19.940783333,25.170493333,11.637246667,16.540363333,21.677266667,20.724493333,12.965556667,-1.558666667
2019-03-29 22:00:00,201.919530000,-1.560926667,18.527693333,5.009056667,16.230240000,29.911410000,5.682173333,20.513286667,22.804583333,9.478856667,14.846796667,22.969010000,21.604003333,14.342420000,-1.560926667
2019-03-29 21:55:00,219.506576667,-1.553206667,19.908393333,5.833326667,16.699373333,29.460753333,5.171496667,19.812753333,24.537780000,11.523666667,16.068996667,27.279056667,25.701626667,17.509353333,-1.553206667
2019-03-29 21:50:00,204.137070000,-1.549403333,18.751073333,5.033213333,15.410850000,29.861930000,5.771333333,20.657610000,25.115643333,12.121033333,16.350166667,22.229123333,20.409756667,12.425336667,-1.549403333
2019-03-29 21:45:00,206.697010000,-1.549093333,19.595606667,4.838573333,15.646190000,30.036116667,6.179733333,20.324416667,25.248516667,12.300150000,16.553590000,22.705190000,20.570890000,12.698036667,-1.549093333
2019-03-29 21:40:00,221.547460000,-1.554993333,19.911520000,5.558170000,16.652613333,34.781763333,10.000386667,22.206743333,24.783960000,11.802790000,15.959570000,23.931253333,21.965163333,13.993526667,-1.554993333
2019-03-29 21:35:00,235.219253333,-1.549506667,23.328346667,9.851363333,20.362086667,35.880966667,8.480533333,23.004506667,25.324843333,12.430940000,16.701796667,23.260890000,22.023463333,14.569516667,-1.549506667
2019-03-29 21:30:00,211.377933333,-1.550056667,20.196796667,6.312696667,16.865290000,36.793486667,8.332336667,23.209856667,23.005843333,9.936206667,14.132700000,20.859713333,19.592623333,12.140383333,-1.550056667
2019-03-29 21:25:00,211.383880000,-1.546156667,19.169386667,5.525686667,16.151600000,37.107856667,8.661173333,23.315570000,23.018543333,10.008950000,14.828560000,20.670033333,20.776016667,12.150503333,-1.546156667
2019-03-29 21:20:00,214.384350000,-1.550763333,19.738710000,6.222136667,16.335673333,36.784206667,8.419740000,23.286503333,21.118970000,8.004733333,13.341773333,21.925740000,25.491656667,13.714506667,-1.550763333
2019-03-29 21:15:00,223.349653333,-1.546686667,18.493386667,6.453403333,16.152143333,36.596093333,8.454296667,22.926080000,21.251056667,8.192020000,13.528880000,23.774006667,31.046996667,16.481290000,-1.546686667
2019-03-29 21:10:00,210.594753333,-1.547810000,19.368636667,6.739673333,16.824076667,36.431713333,8.614536667,22.913506667,21.505770000,8.480770000,13.815130000,20.207303333,22.496373333,13.197263333,-1.547810000
2019-03-29 21:05:00,219.853030000,-1.550056667,19.865780000,7.774120000,18.026750000,36.446566667,8.891533333,22.923746667,21.830606667,8.808573333,14.077770000,22.043043333,24.002750000,15.161790000,-1.550056667
2019-03-29 21:00:00,222.129876667,-1.547530000,18.209363333,8.636776667,18.956690000,35.060810000,7.822536667,22.570096667,21.943056667,8.952720000,14.423573333,25.109633333,24.658376667,15.786243333,-1.547530000
2019-03-29 20:55:00,222.575770000,-1.545773333,21.772583333,11.996463333,22.774553333,34.924423333,7.794630000,22.628366667,22.718443333,9.755113333,14.023120000,21.133200000,20.290893333,12.763980000,-1.545773333
2019-03-29 20:50:00,214.881020000,-1.533220000,20.419896667,9.785583333,20.967873333,35.595720000,8.217776667,22.876726667,22.108176667,8.926676667,13.434970000,20.715166667,19.545120000,12.287333333,-1.533220000
2019-03-29 20:45:00,225.702853333,-1.537816667,18.719270000,7.921320000,18.614583333,35.396650000,8.003243333,22.886190000,22.616143333,9.506440000,13.946303333,25.517813333,25.588123333,16.986773333,-1.537816667
2019-03-29 20:40:00,219.354103333,-1.540463333,19.240666667,8.456266667,19.301693333,35.569196667,8.411863333,22.845846667,22.168803333,9.034266667,13.429500000,23.313436667,22.951306667,14.631256667,-1.540463333
2019-03-29 20:35:00,222.323763333,-1.536063333,20.000783333,9.134956667,20.023996667,36.729253333,9.454106667,23.752506667,22.719836667,9.501583333,13.987590000,22.233243333,21.349993333,13.435913333,-1.536063333
2019-03-29 20:30:00,214.553493333,-1.538833333,20.467070000,8.394290000,19.377456667,37.511230000,8.824013333,23.515256667,22.656923333,9.135766667,13.575880000,20.035460000,19.445260000,11.614886667,-1.538833333
2019-03-29 20:25:00,236.651343333,-1.544576667,21.912910000,10.029450000,20.634763333,37.252900000,8.540120000,23.238716667,22.447756667,8.850670000,14.426826667,25.962716667,25.507936667,17.846576667,-1.544576667
2019-03-29 20:20:00,234.992196667,-1.544683333,21.382130000,9.701296667,20.341393333,37.181910000,8.638170000,23.373566667,23.384393333,9.557446667,15.228276667,24.940000000,24.591586667,16.672026667,-1.544683333
2019-03-29 20:15:00,239.888050000,-1.539733333,24.142120000,13.400176667,23.382640000,37.456830000,9.135176667,23.548823333,24.927830000,10.138200000,15.449816667,22.255503333,22.243370000,13.807563333,-1.539733333
2019-03-29 20:10:00,235.475283333,-1.542473333,19.534433333,9.872903333,20.222326667,38.128653333,9.744266667,25.060643333,32.011660000,10.816686667,14.754926667,20.843420000,20.743520000,13.741843333,-1.542473333
2019-03-29 20:05:00,244.748816667,-1.540110000,18.170943333,7.985296667,18.602783333,39.347643333,11.351630000,26.114926667,33.417776667,12.380360000,15.873970000,22.874380000,22.680176667,15.948930000,-1.540110000
2019-03-29 20:00:00,243.439990000,-1.541233333,18.996950000,8.988373333,19.736090000,37.305423333,9.401873333,24.634806667,33.670243333,12.598133333,15.571036667,22.962496667,23.204253333,16.370310000,-1.541233333
2019-03-29 19:55:00,231.978700000,-1.545893333,16.780140000,6.165143333,17.827556667,38.557740000,10.950256667,25.301926667,34.144816667,13.098183333,15.571016667,19.972153333,20.274243333,13.335523333,-1.545893333
2019-03-29 19:50:00,233.580496667,-1.527750000,17.071120000,5.782336667,17.846543333,39.607446667,12.268603333,25.898186667,33.335173333,12.256336667,14.734166667,20.307513333,20.779556667,13.693513333,-1.527750000
2019-03-29 19:45:00,236.349613333,-1.321846667,18.757256667,6.756896667,18.889263333,40.347363333,14.052203333,26.051666667,31.516183333,10.453620000,13.853383333,20.630640000,20.429083333,14.612053333,-1.321846667
2019-03-29 19:40:00,240.732076667,-0.804640000,20.536180000,8.121400000,19.932350000,38.945066667,12.818390000,24.661756667,31.554953333,10.538910000,14.041716667,22.567793333,21.366323333,15.647236667,-0.804640000
2019-03-29 19:35:00,252.538473333,0.553686667,21.772143333,8.654023333,20.107710000,36.594026667,12.972270000,22.065126667,30.456590000,9.319946667,13.069446667,27.006196667,28.947010000,21.573983333,0.553686667
2019-03-29 19:30:00,211.014516667,2.396310000,17.729573333,2.615133333,15.128476667,33.423496667,8.878683333,21.465816667,30.946490000,9.807880000,14.038010000,20.013816667,22.187683333,14.779456667,2.396310000
2019-03-29 19:25:00,218.417570000,4.777673333,18.466356667,3.564683333,15.963053333,34.432536667,10.116856667,22.481266667,31.351156667,9.783936667,14.846806667,20.168150000,22.644276667,14.598490000,4.777673333
2019-03-29 19:20:00,207.826673333,7.171230000,16.328990000,2.198043333,14.601506667,32.430246667,8.376813333,20.513143333,29.797790000,8.447133333,13.380113333,22.024540000,23.417946667,16.310406667,7.171230000
2019-03-29 19:15:00,220.493256667,11.447130000,18.095700000,4.164620000,16.486663333,31.973810000,8.203426667,20.416380000,30.551763333,9.470520000,14.070663333,24.477960000,23.960003333,18.621746667,11.447130000
2019-03-29 19:10:00,195.512116667,11.808693333,16.357766667,2.703973333,14.609763333,31.649926667,8.020086667,19.873920000,29.917460000,8.766800000,13.432416667,18.822716667,18.493493333,12.863793333,11.808693333
2019-03-29 19:05:00,213.019213333,15.126570000,20.443786667,7.202810000,18.672470000,30.579280000,7.182783333,19.097746667,30.465993333,9.268146667,12.906810000,20.795756667,21.140683333,15.262946667,15.126570000
2019-03-29 19:00:00,228.468176667,23.517530000,22.083446667,8.041463333,19.117460000,30.517210000,7.624086667,19.723646667,31.133380000,9.906086667,14.015096667,23.728213333,24.217673333,18.360413333,23.517530000
2019-03-29 18:55:00,218.239523333,29.770950000,23.095923333,7.596123333,18.879383333,30.605303333,7.933410000,20.521923333,30.054230000,8.821060000,12.808336667,20.974880000,21.488366667,15.460583333,29.770950000
2019-03-29 18:50:00,201.781810000,33.096743333,21.262386667,5.838993333,16.949690000,29.280880000,6.338660000,19.241800000,30.289983333,9.092373333,13.113430000,18.587860000,18.936213333,12.849540000,33.096743333
2019-03-29 18:45:00,202.203270000,36.094326667,22.499030000,7.040993333,17.957083333,26.404033333,3.611683333,18.789816667,29.579186667,8.416423333,12.064320000,20.502163333,20.652606667,14.685930000,36.094326667
2019-03-29 18:40:00,213.555510000,41.158873333,22.689890000,7.241363333,18.606023333,27.166646667,4.805230000,19.399783333,31.175346667,10.130153333,13.714516667,21.321750000,21.693343333,15.611463333,41.158873333
2019-03-29 18:35:00,206.598346667,43.474570000,23.075626667,8.448283333,19.055950000,27.634290000,4.174206667,19.069756667,29.056640000,7.692376667,12.656463333,20.110510000,20.862120000,14.762123333,43.474570000
2019-03-29 18:30:00,193.248413333,39.973796667,20.146810000,4.792230000,16.200396667,27.719186667,3.781136667,19.046620000,28.825136667,7.615670000,12.646610000,19.137440000,19.593720000,13.743456667,39.973796667
2019-03-29 18:25:00,202.568443333,30.012403333,16.537460000,2.933326667,15.017406667,28.534423333,4.789963333,19.717893333,28.603430000,7.154163333,12.467500000,23.608696667,25.095980000,18.108200000,30.012403333
2019-03-29 18:20:00,196.730283333,49.006006667,16.574416667,2.776890000,14.923310000,27.423083333,3.536103333,18.991220000,30.265466667,8.818133333,13.371313333,22.555523333,22.124123333,15.370700000,49.006006667
2019-03-29 18:15:00,200.401533333,47.702683333,16.881460000,2.743926667,14.877293333,28.471200000,4.741183333,19.947603333,30.112796667,8.764736667,12.940316667,23.093226667,22.147553333,15.680236667,47.702683333
2019-03-29 18:10:00,190.622526667,58.087966667,15.917766667,2.386716667,14.343360000,27.969606667,4.511506667,19.544333333,29.420316667,8.105310000,12.336836667,20.916096667,20.144163333,15.026513333,58.087966667
2019-03-29 18:05:00,197.015670000,61.832203333,17.911873333,3.617680000,15.460530000,26.705646667,4.031050000,18.835473333,29.969126667,8.713993333,12.684470000,21.273123333,20.052846667,17.759856667,61.832203333
2019-03-29 18:00:00,195.423840000,45.975930000,17.275340000,3.044843333,14.688376667,25.952390000,3.180093333,18.646720000,30.579436667,9.480240000,13.445033333,20.891093333,21.706570000,16.533703333,45.975930000
2019-03-29 17:55:00,197.297700000,49.486033333,17.449366667,3.500880000,15.346773333,26.406416667,4.103916667,19.196793333,29.879063333,8.838140000,12.803760000,21.534040000,22.380313333,15.858236667,49.486033333
2019-03-29 17:50:00,200.983793333,43.019450000,20.640816667,6.561593333,18.657076667,26.508003333,4.154856667,19.119166667,30.025413333,9.415536667,13.310480000,19.387856667,19.813233333,13.389760000,43.019450000
2019-03-29 17:45:00,199.124016667,69.296250000,20.290963333,6.608866667,18.351293333,25.758673333,3.411213333,18.507123333,28.753476667,8.143340000,12.675020000,20.738750000,21.064320000,14.820976667,69.296250000
2019-03-29 17:40:00,196.267536667,76.905516667,18.144323333,4.018113333,15.886373333,26.877730000,4.024413333,18.783743333,28.881266667,8.462813333,12.108913333,21.253303333,21.976666667,15.849876667,76.905516667
2019-03-29 17:35:00,192.034783333,71.224336667,16.675150000,2.298476667,14.400353333,26.877583333,3.973713333,18.749590000,29.084900000,9.708960000,12.961760000,20.632316667,21.504040000,15.167940000,71.224336667
2019-03-29 17:30:00,261.382273333,74.331953333,16.663983333,3.932823333,15.287993333,33.876640000,11.361863333,26.377830000,46.019376667,26.498350000,30.497613333,18.692326667,18.883786667,13.289686667,74.331953333
2019-03-29 17:25:00,284.523480000,77.277483333,17.879583333,5.652833333,16.582933333,34.605540000,12.418373333,27.725253333,51.269083333,32.411466667,36.401336667,18.337643333,18.604346667,12.635086667,77.277483333
2019-03-29 17:20:00,297.821606667,98.529550000,19.945313333,7.159410000,18.487433333,34.530143333,12.372146667,27.768676667,50.682813333,32.090903333,36.443250000,20.339026667,23.345950000,14.656540000,98.529550000
2019-03-29 17:15:00,320.154933333,34.704556667,19.885193333,6.869330000,17.993230000,35.735870000,13.886003333,28.395053333,51.726286667,33.132216667,37.255286667,25.723983333,29.698286667,19.854193333,34.704556667
2019-03-29 17:10:00,394.583286667,54.776626667,20.420376667,6.433170000,17.272446667,33.503246667,12.823003333,27.392280000,81.999100000,66.594240000,72.641436667,20.343383333,20.470306667,14.690296667,54.776626667
2019-03-29 17:05:00,429.204083333,103.670500000,22.895826667,8.679906667,19.027986667,33.634170000,13.247953333,27.788760000,89.747746667,75.531086667,82.807566667,19.517530000,22.013406667,14.312143333,103.670500000
2019-03-29 17:00:00,441.259116667,59.114550000,25.417733333,11.484500000,22.002693333,33.777813333,12.915613333,27.949000000,90.312973333,75.680530000,82.948210000,20.326770000,23.329296667,15.113983333,59.114550000
2019-03-29 16:55:00,453.560426667,96.880310000,27.948000000,12.873350000,24.047510000,35.300423333,15.380960000,29.680446667,88.532096667,74.065520000,81.124826667,22.547550000,25.045476667,17.014266667,96.880310000
2019-03-29 16:50:00,322.746143333,52.952423333,22.987190000,8.309330000,20.198890000,36.952110000,16.328763333,30.427493333,50.601126667,32.057353333,36.936246667,24.383040000,25.438383333,18.126216667,52.952423333
2019-03-29 16:45:00,309.189560000,37.649930000,22.016413333,8.180363333,20.473310000,37.315976667,16.782443333,31.129913333,50.882986667,32.353850000,36.848993333,20.686413333,19.138340000,13.380556667,37.649930000
2019-03-29 16:40:00,309.217076667,37.632370000,22.072823333,8.567613333,20.766336667,36.828316667,16.329593333,30.482356667,51.542296667,32.956783333,37.120253333,20.136820000,19.041573333,13.372310000,37.632370000
2019-03-29 16:35:00,342.482586667,73.380746667,22.067040000,8.629040000,20.995036667,38.054883333,17.836436667,31.849736667,60.969280000,42.993863333,47.760110000,18.741463333,19.164566667,13.421130000,73.380746667
2019-03-29 16:30:00,481.357740000,47.381750000,23.135283333,9.151600000,21.298410000,38.990873333,18.417253333,32.734086667,100.900556667,87.385103333,93.814790000,20.119740000,20.822286667,14.587756667,47.381750000
2019-03-29 16:25:00,479.374943333,34.118613333,22.206123333,8.028770000,20.024880000,37.638573333,16.770840000,30.906286667,100.582296667,86.653023333,93.418200000,22.802753333,23.315140000,17.028056667,34.118613333
2019-03-29 16:20:00,463.527766667,28.443860000,22.150846667,8.126310000,19.949096667,36.602650000,16.142203333,30.174906667,99.442763333,85.531566667,92.160896667,19.563036667,19.808406667,13.875083333,28.443860000
2019-03-29 16:15:00,406.636170000,29.839863333,24.477390000,10.160443333,22.401066667,36.834553333,16.656713333,30.066206667,81.002596667,65.486920000,71.374263333,17.659276667,18.263490000,12.253250000,29.839863333
2019-03-29 16:10:00,323.685450000,32.155216667,25.660050000,11.870260000,24.043723333,37.671680000,17.735446667,30.281630000,51.818426667,32.721486667,36.890196667,20.021053333,20.390913333,14.580583333,32.155216667
2019-03-29 16:05:00,333.115046667,32.442003333,24.898196667,10.743776667,23.028050000,37.988900000,18.129736667,30.380150000,50.953740000,32.502516667,36.780316667,24.115963333,24.922270000,18.671430000,32.442003333
2019-03-29 16:00:00,314.249403333,40.207433333,22.002106667,7.612436667,20.063370000,38.692450000,17.870336667,30.421770000,50.873550000,32.495770000,36.385853333,21.052070000,21.700250000,15.079440000,40.207433333
2019-03-29 15:55:00,398.450416667,37.660573333,21.168083333,7.546343333,19.638990000,39.136626667,18.247213333,30.442386667,77.895876667,62.261156667,67.660336667,20.857406667,20.260530000,13.335466667,37.660573333
2019-03-29 15:50:00,457.991206667,37.945546667,21.895780000,8.135820000,19.872830000,39.219413333,18.290176667,30.278073333,95.839173333,82.153473333,88.632610000,20.448246667,19.913100000,13.312510000,37.945546667
2019-03-29 15:45:00,444.700163333,36.166030000,22.429346667,9.114686667,20.458310000,39.519006667,18.897383333,30.306740000,89.582353333,75.538090000,81.808520000,21.695646667,20.701903333,14.648176667,36.166030000
2019-03-29 15:40:00,448.999666667,34.669526667,22.187433333,7.946236667,20.263793333,39.672546667,19.184256667,30.452160000,89.664430000,75.483693333,81.820883333,23.356810000,22.832480000,16.134943333,34.669526667
2019-03-29 15:35:00,451.971276667,37.185433333,22.382070000,7.792196667,20.317396667,41.021043333,20.596296667,31.516260000,91.376353333,77.154350000,83.870613333,20.223583333,21.088073333,14.633040000,37.185433333
2019-03-29 15:30:00,344.813473333,33.450126667,23.653933333,9.870656667,22.348943333,40.805683333,20.058906667,30.919150000,57.595630000,39.813920000,44.370076667,20.732456667,20.563386667,14.080730000,33.450126667
2019-03-29 15:25:00,338.402723333,32.489826667,26.278506667,12.325793333,24.959590000,40.668406667,20.665646667,30.846146667,51.697293333,32.656076667,36.314763333,24.362870000,21.758303333,15.869326667,32.489826667
2019-03-29 15:20:00,339.540050000,29.369963333,26.496100000,12.476500000,25.059436667,40.580533333,20.425506667,30.328740000,50.917223333,32.224630000,36.250720000,25.008870000,22.724533333,17.047256667,29.369963333
2019-03-29 15:15:00,337.949896667,38.776863333,22.364366667,8.793800000,20.625213333,41.726936667,21.887516667,31.772896667,52.330246667,33.833863333,37.675760000,25.593693333,23.771513333,17.574090000,38.776863333
2019-03-29 15:10:00,453.074463333,41.462036667,22.223016667,8.572353333,20.845570000,43.711233333,23.418173333,32.855350000,91.092643333,76.447400000,82.357580000,18.531086667,19.808766667,13.211290000,41.462036667
2019-03-29 15:05:00,473.480520000,31.229410000,21.556526667,8.376473333,20.510670000,41.794950000,21.246296667,30.501323333,99.727483333,85.585543333,92.483840000,19.048360000,19.625473333,13.023580000,31.229410000
2019-03-29 15:00:00,475.938386667,29.738103333,23.688096667,9.426400000,21.979400000,41.756923333,20.915506667,30.587516667,98.122410000,84.044383333,90.874383333,19.808803333,20.736420000,13.998143333,29.738103333
2019-03-29 14:55:00,492.646693333,26.180623333,23.281550000,7.722793333,21.319800000,41.718516667,20.712803333,30.444800000,97.882046667,83.941770000,90.399210000,26.072270000,28.543203333,20.607930000,26.180623333
2019-03-29 14:50:00,474.771753333,27.030720000,23.725873333,7.817840000,21.622480000,41.889956667,20.801976667,30.540180000,95.072246667,80.728000000,87.137750000,22.450463333,25.672046667,17.312940000,27.030720000
2019-03-29 14:45:00,350.853660000,33.425533333,25.935513333,8.898456667,22.031626667,41.278396667,20.342786667,31.207286667,57.188296667,39.322806667,44.236780000,22.614810000,23.153530000,14.643370000,33.425533333
2019-03-29 14:40:00,341.578380000,31.579173333,28.906790000,12.785060000,25.458043333,39.270283333,19.291620000,30.349770000,51.851650000,32.942036667,36.990203333,22.896526667,24.371896667,16.464500000,31.579173333
2019-03-29 14:35:00,430.312090000,26.929940000,29.177343333,13.281783333,25.818173333,39.975030000,20.186970000,30.232976667,76.568440000,60.513893333,66.599620000,23.364100000,27.220633333,17.373126667,26.929940000
2019-03-29 14:30:00,472.857583333,24.599386667,26.476903333,10.645850000,23.727703333,41.878066667,21.612796667,31.118100000,89.666090000,75.398553333,82.295770000,26.474213333,25.064090000,18.499446667,24.599386667
2019-03-29 14:25:00,501.185836667,33.512726667,22.522716667,7.640223333,21.390956667,57.014213333,37.208823333,47.510530000,90.110680000,75.636606667,82.180290000,22.937180000,21.450113333,15.583503333,33.512726667
2019-03-29 14:20:00,379.604000000,32.820546667,24.956573333,8.563416667,22.773356667,60.252350000,40.586633333,52.030756667,51.484676667,32.322103333,36.455886667,18.189230000,19.013126667,12.975890000,32.820546667
2019-03-29 14:15:00,408.598480000,29.281516667,25.294266667,8.323930000,23.077156667,59.238926667,39.444800000,52.872056667,59.783426667,42.037700000,46.598700000,18.705376667,19.468160000,13.753980000,29.281516667
2019-03-29 14:10:00,556.587686667,28.783966667,28.020273333,10.076886667,24.705900000,60.063590000,40.539706667,53.486523333,100.837716667,86.762106667,93.234176667,21.238753333,21.550803333,16.071250000,28.783966667
2019-03-29 14:05:00,559.084286667,24.051966667,28.507193333,9.779340000,25.442426667,58.394016667,38.560793333,51.578483333,102.044740000,87.799960000,94.158230000,22.036960000,23.649496667,17.132646667,24.051966667
2019-03-29 14:00:00,417.936556667,39.703860000,26.857470000,8.957790000,24.898596667,58.216000000,37.962943333,51.687770000,61.053866667,43.293503333,48.143093333,18.657523333,23.026273333,15.181726667,39.703860000
2019-03-29 13:55:00,397.738546667,46.938450000,29.883800000,12.182703333,28.505076667,58.463130000,38.018960000,51.791020000,50.799320000,32.106183333,36.233010000,19.490863333,23.911656667,16.352823333,46.938450000
2019-03-29 13:50:00,537.179416667,31.830723333,30.332323333,13.558050000,29.682330000,75.316393333,59.261013333,71.013560000,73.810546667,57.165706667,62.460240000,20.972583333,25.517500000,18.089170000,31.830723333
2019-03-29 13:45:00,603.520986667,57.274910000,27.605036667,9.391963333,26.347926667,91.923246667,78.825100000,90.353483333,77.163993333,61.416230000,67.341550000,25.246370000,27.167503333,20.738583333,57.274910000
2019-03-29 13:40:00,397.307803333,62.959683333,27.615150000,8.324760000,25.505606667,62.534990000,44.314103333,57.027156667,51.014476667,31.959066667,35.809283333,19.273380000,19.874326667,14.055503333,62.959683333
2019-03-29 13:35:00,383.655986667,45.312286667,26.754936667,8.894846667,24.896333333,58.935416667,38.942023333,52.705020000,50.348660000,31.871153333,35.792030000,19.528896667,20.695066667,14.291603333,45.312286667
2019-03-29 13:30:00,492.850340000,59.747596667,27.095613333,8.770270000,25.011350000,71.650113333,54.811453333,67.105540000,70.873463333,54.747630000,60.349716667,18.744313333,19.948496667,13.742380000,59.747596667
2019-03-29 13:25:00,431.933636667,61.477333333,27.613683333,8.598723333,25.354006667,76.235086667,60.674730000,73.808923333,43.935630000,24.752766667,29.784390000,20.696863333,24.209326667,16.269506667,61.477333333
2019-03-29 13:20:00,335.272270000,70.778140000,27.110203333,8.333806667,25.355560000,59.949786667,38.734450000,54.177383333,31.361550000,10.143123333,14.974306667,21.447783333,26.757003333,16.927313333,70.778140000
2019-03-29 13:15:00,337.985776667,97.684800000,30.935290000,12.534596667,29.328923333,61.131736667,39.384600000,55.076750000,31.188663333,10.105626667,14.899943333,18.897550000,20.529840000,13.972256667,97.684800000
2019-03-29 13:10:00,338.392006667,65.876330000,30.758650000,12.497256667,29.336356667,61.253293333,39.418196667,55.299670000,30.531633333,9.853403333,14.879433333,20.820570000,19.832850000,13.910693333,65.876330000
2019-03-29 13:05:00,343.021093333,32.283136667,30.944840000,12.802310000,29.623740000,61.884030000,39.847083333,55.399583333,31.027790000,10.614160000,14.912666667,20.359866667,20.804726667,14.800296667,32.283136667
2019-03-29 13:00:00,384.278850000,39.575120000,32.058033333,14.143540000,30.553266667,71.877200000,52.520623333,67.519160000,31.479246667,10.991436667,14.893153333,20.369776667,21.893663333,15.979750000,39.575120000
2019-03-29 12:55:00,414.748823333,35.449570000,31.392936667,13.562546667,30.104080000,80.530073333,64.950990000,77.552786667,32.077920000,11.194950000,15.184846667,20.329366667,21.578060000,16.290266667,35.449570000
2019-03-29 12:50:00,392.608583333,15.581526667,30.302656667,12.100503333,28.523563333,77.528106667,61.571480000,73.618100000,31.770410000,11.255080000,15.404196667,17.874046667,19.091456667,13.568983333,15.581526667
2019-03-29 12:45:00,422.869653333,27.134080000,29.200286667,11.808003333,27.387896667,84.028020000,69.314163333,81.597243333,33.734513333,13.276653333,17.405253333,19.675753333,20.550540000,14.891326667,27.134080000
2019-03-29 12:40:00,452.919693333,23.527416667,29.090460000,11.883740000,27.109023333,88.911493333,75.221273333,88.587123333,32.880006667,12.220056667,16.217513333,24.971240000,25.749653333,20.078110000,23.527416667
2019-03-29 12:35:00,441.069840000,17.230146667,28.844250000,12.237993333,26.478073333,91.220033333,77.880746667,90.719920000,30.982340000,10.435253333,14.838710000,20.660343333,21.563633333,15.208543333,17.230146667
2019-03-29 12:30:00,422.180260000,22.799163333,30.850350000,15.847816667,29.575096667,85.299663333,70.423713333,83.892380000,30.386440000,9.962783333,14.929026667,18.758080000,19.495616667,12.759293333,22.799163333
2019-03-29 12:25:00,290.919626667,21.461096667,29.618766667,13.676960000,27.264046667,47.257140000,24.221826667,40.049520000,30.500203333,10.052423333,15.084603333,19.671356667,19.972010000,13.550770000,21.461096667
2019-03-29 12:20:00,284.779393333,31.691833333,30.762790000,14.401693333,27.441570000,41.976050000,18.910380000,34.125876667,30.731570000,10.215326667,15.083140000,22.626540000,22.242656667,16.261800000,31.691833333
2019-03-29 12:15:00,286.918310000,29.420456667,33.299963333,16.128430000,27.724733333,40.496790000,18.461893333,33.927956667,30.835253333,10.075933333,15.061026667,21.765473333,22.457506667,16.683350000,29.420456667
2019-03-29 12:10:00,320.930723333,26.272353333,45.298546667,31.064083333,41.096073333,40.194173333,18.588953333,33.539740000,30.818043333,10.016570000,15.054996667,19.696410000,20.454936667,15.108196667,26.272353333
2019-03-29 12:05:00,351.845806667,18.654676667,48.622343333,36.371433333,44.980623333,41.169543333,19.442190000,34.235313333,30.896826667,10.113950000,15.076106667,22.941680000,25.031830000,22.963966667,18.654676667
2019-03-29 12:00:00,338.922916667,23.614216667,50.236403333,39.552796667,47.368540000,39.939620000,19.734906667,33.323556667,31.350036667,10.705093333,15.648763333,17.668643333,19.069456667,14.325100000,23.614216667
2019-03-29 11:55:00,396.419450000,32.970786667,52.857653333,43.139310000,51.621656667,40.552013333,21.797360000,34.232833333,42.513820000,22.522966667,27.387836667,20.748130000,22.524860000,16.521010000,32.970786667
2019-03-29 11:50:00,454.139316667,20.772526667,63.031660000,56.045693333,63.698913333,42.118943333,23.557216667,35.309100000,48.211233333,28.580416667,32.738706667,21.516243333,22.468983333,16.862206667,20.772526667
2019-03-29 11:45:00,442.181240000,23.055336667,75.241530000,69.299550000,76.046063333,42.843916667,24.373473333,36.638756667,34.544423333,13.825800000,17.719540000,18.536940000,19.314153333,13.797093333,23.055336667
2019-03-29 11:40:00,430.455663333,32.046220000,75.866223333,69.987573333,76.960813333,41.335823333,23.173963333,35.021000000,31.920300000,11.307130000,15.395243333,17.658623333,18.657886667,13.171083333,32.046220000
2019-03-29 11:35:00,420.646093333,38.616920000,65.917523333,59.311460000,67.003520000,42.288770000,23.678943333,35.245470000,32.462083333,11.497023333,15.363273333,23.687346667,24.976660000,19.214020000,38.616920000
2019-03-29 11:30:00,336.367216667,20.981586667,42.425826667,29.771646667,39.693110000,42.555550000,23.492420000,35.320440000,32.818756667,11.909756667,15.887153333,21.920553333,23.291576667,17.280426667,20.981586667
2019-03-29 11:25:00,261.118020000,31.166703333,32.574933333,16.127063333,28.301446667,32.035813333,11.775706667,23.387746667,35.010283333,13.584736667,17.168306667,18.276676667,19.160483333,13.714823333,31.166703333
2019-03-29 11:20:00,264.523956667,42.455270000,32.988426667,16.043720000,28.458293333,32.970106667,12.561556667,24.097246667,33.208363333,11.827460000,16.274306667,21.517226667,20.231646667,14.345603333,42.455270000
2019-03-29 11:15:00,275.404016667,53.309636667,32.797273333,16.100233333,27.935573333,35.866013333,15.679293333,27.307476667,31.904746667,10.563826667,15.584363333,20.666996667,23.841486667,17.156733333,53.309636667
2019-03-29 11:10:00,274.906230000,44.045193333,30.819586667,13.989113333,25.350260000,36.216023333,16.320826667,27.236086667,33.745820000,12.041960000,16.797643333,20.255486667,24.317236667,17.816186667,44.045193333
2019-03-29 11:05:00,260.212453333,41.713036667,29.541723333,12.059756667,23.360646667,34.894833333,15.786396667,26.736230000,32.834143333,10.889613333,15.532090000,18.613383333,23.705253333,16.258383333,41.713036667
2019-03-29 11:00:00,239.666136667,30.942003333,28.867193333,11.837680000,23.364833333,30.558336667,11.471386667,22.977006667,32.686410000,11.029196667,15.622220000,17.932153333,19.704706667,13.615013333,30.942003333
2019-03-29 10:55:00,246.598320000,36.696350000,28.623086667,12.378753333,24.574626667,30.648880000,11.228420000,22.973133333,33.237486667,11.778996667,16.390396667,19.452726667,20.225250000,15.086563333,36.696350000
2019-03-29 10:50:00,249.660720000,35.375510000,27.546976667,12.043226667,23.963033333,30.724300000,11.233106667,22.822006667,32.572813333,11.354293333,15.985653333,21.871146667,22.165726667,17.378436667,35.375510000
2019-03-29 10:45:00,242.927866667,28.504486667,29.868990000,13.599196667,24.947430000,30.481023333,11.045176667,22.929066667,32.016620000,10.763400000,15.388323333,18.598846667,19.224020000,14.065773333,28.504486667
2019-03-29 10:40:00,246.343543333,21.228413333,30.144486667,14.333666667,25.063446667,30.794816667,11.775993333,23.004426667,32.377306667,11.409880000,15.727336667,18.319880000,19.321923333,14.070380000,21.228413333
2019-03-29 10:35:00,254.173820000,13.570206667,29.707893333,13.942753333,25.037906667,30.811590000,11.791643333,23.015410000,34.205786667,12.948383333,16.571433333,19.792463333,20.711606667,15.636950000,13.570206667
2019-03-29 10:30:00,284.517500000,16.566090000,32.818590000,17.206326667,28.922466667,33.192336667,14.403746667,25.484953333,32.956653333,11.701136667,15.341036667,25.899596667,26.170963333,20.419693333,16.566090000
2019-03-29 10:25:00,266.921073333,14.352723333,30.706483333,16.388676667,28.527406667,34.616306667,15.150433333,26.418630000,33.038330000,11.792430000,15.352896667,20.718573333,19.612126667,14.598780000,14.352723333
2019-03-29 10:20:00,267.321456667,13.515980000,29.570116667,15.398766667,27.036640000,36.618876667,16.059280000,27.317166667,33.552643333,12.866270000,16.657496667,19.808326667,18.934380000,13.501493333,13.515980000
2019-03-29 10:15:00,265.874866667,15.107400000,30.522016667,15.828516667,27.163183333,34.939426667,13.854300000,25.479526667,32.532406667,11.526723333,15.330136667,21.906836667,21.054043333,15.737750000,15.107400000
2019-03-29 10:10:00,266.621860000,13.530023333,31.661016667,17.419516667,28.852280000,33.092790000,11.860663333,23.581110000,33.017203333,11.777283333,15.437583333,21.004183333,21.877546667,17.040683333,13.530023333
2019-03-29 10:05:00,254.347016667,17.217416667,29.057273333,13.873146667,24.939946667,33.148180000,12.101780000,23.442450000,33.833863333,12.595310000,17.125356667,19.079400000,20.292203333,14.858106667,17.217416667
2019-03-29 10:00:00,251.966993333,22.251030000,28.514833333,13.894496667,24.851710000,32.926006667,12.070340000,23.388920000,33.630316667,12.213083333,17.357586667,19.026916667,19.575336667,14.517446667,22.251030000
2019-03-29 09:55:00,253.198250000,17.450053333,29.348736667,14.837186667,25.424940000,33.096706667,11.859860000,23.380720000,32.134800000,10.627120000,15.880930000,20.401980000,20.445026667,15.760243333,17.450053333
2019-03-29 09:50:00,265.193533333,17.196383333,30.776160000,15.210906667,26.426593333,33.108360000,12.706550000,24.199296667,33.654203333,12.142556667,17.424856667,21.346806667,21.442720000,16.754523333,17.196383333
2019-03-29 09:45:00,249.704756667,22.355736667,29.208856667,15.511020000,25.907880000,32.024833333,11.248463333,24.859333333,32.010646667,10.592796667,15.885606667,18.781346667,19.388633333,14.285340000,22.355736667
2019-03-29 09:40:00,257.022976667,18.587400000,30.173166667,17.385956667,27.259236667,33.968263333,13.422700000,26.808996667,31.391840000,10.393156667,15.802806667,18.182666667,18.510970000,13.723216667,18.587400000
2019-03-29 09:35:00,268.973593333,20.096703333,28.595453333,16.579490000,25.379443333,35.013880000,14.827420000,27.455796667,32.683950000,11.353983333,16.798706667,20.015670000,21.379950000,18.889850000,20.096703333
2019-03-29 09:30:00,275.790410000,15.406886667,26.260163333,16.573376667,22.769456667,33.699966667,13.480076667,26.362203333,32.750546667,11.175073333,16.503716667,25.196910000,27.169600000,23.849320000,15.406886667
2019-03-29 09:25:00,247.643986667,16.319153333,26.984190000,17.865173333,24.374313333,31.348326667,10.806553333,23.824953333,32.280640000,10.629213333,15.907293333,18.161866667,22.342493333,13.118970000,16.319153333
2019-03-29 09:20:00,255.500646667,15.890586667,30.175086667,20.635716667,27.894293333,30.899230000,10.273236667,23.117896667,33.370853333,11.728760000,16.076390000,18.781533333,19.446470000,13.101180000,15.890586667
2019-03-29 09:15:00,256.131050000,15.474953333,28.041193333,17.600970000,25.183003333,30.520533333,9.987003333,23.133553333,34.486476667,13.016450000,17.338756667,21.419176667,20.569133333,14.834800000,15.474953333
2019-03-29 09:10:00,252.757570000,11.611536667,25.955726667,14.992276667,23.492190000,31.031900000,10.488120000,23.325460000,33.650546667,12.031056667,16.426273333,21.888270000,22.201253333,17.274496667,11.611536667
2019-03-29 09:05:00,243.854313333,14.619376667,24.360610000,11.509546667,21.969293333,33.279140000,12.253850000,24.208656667,33.656366667,11.608633333,15.924836667,18.153606667,21.748370000,15.181403333,14.619376667
2019-03-29 09:00:00,256.580220000,14.697403333,23.860816667,11.483823333,21.858560000,36.765143333,15.807386667,27.150626667,35.138620000,13.184046667,17.346026667,18.007826667,21.144103333,14.833240000,14.697403333
2019-03-29 08:55:00,260.707976667,12.739770000,22.191030000,10.041523333,21.931180000,38.303220000,17.009813333,27.821276667,33.612330000,11.664716667,15.946173333,20.670653333,23.816550000,17.699510000,12.739770000
2019-03-29 08:50:00,262.340963333,14.461966667,23.916103333,11.573973333,23.320160000,37.822440000,16.206273333,27.090640000,32.706320000,11.174956667,16.134373333,21.436663333,23.196653333,17.762406667,14.461966667
2019-03-29 08:45:00,252.875163333,16.435326667,25.532646667,14.395920000,25.980536667,35.507286667,13.816116667,24.823303333,33.635080000,12.005810000,17.342510000,18.258026667,18.157360000,13.420566667,16.435326667
2019-03-29 08:40:00,237.520420000,11.261556667,22.283653333,9.832863333,21.697556667,35.123650000,13.415120000,24.134476667,32.393216667,10.797890000,16.110366667,17.987936667,20.414123333,13.329566667,11.261556667
2019-03-29 08:35:00,241.460003333,9.047750000,21.395973333,9.644763333,21.498483333,33.477780000,12.825826667,23.392993333,32.415283333,10.649610000,15.911550000,20.812113333,23.609493333,15.826133333,9.047750000
2019-03-29 08:30:00,255.969050000,5.814966667,22.837663333,10.349040000,21.585596667,33.000433333,12.395250000,23.691483333,33.646143333,11.909160000,17.328516667,25.108360000,24.608800000,19.508603333,5.814966667
2019-03-29 08:25:00,239.853893333,7.859606667,23.816723333,10.848196667,22.234196667,32.703273333,11.753670000,23.888193333,32.389983333,10.625956667,16.069333333,21.037590000,20.009976667,14.476800000,7.859606667
2019-03-29 08:20:00,234.700953333,3.288496667,23.230060000,10.161990000,21.619493333,33.093350000,11.481960000,24.004503333,32.436293333,10.741366667,16.129480000,19.607036667,18.866033333,13.329386667,3.288496667
2019-03-29 08:15:00,251.149526667,-0.285313333,25.348203333,10.874626667,22.242660000,34.171920000,12.380840000,24.338853333,33.146780000,11.393260000,16.708496667,22.488146667,21.843633333,16.212106667,-0.285313333
2019-03-29 08:10:00,250.110376667,-1.552010000,23.368306667,10.503210000,21.797100000,34.800600000,13.202023333,24.460260000,33.016373333,11.283480000,16.781213333,22.102780000,22.237260000,16.557770000,-1.552010000
2019-03-29 08:05:00,238.261053333,-1.551910000,23.008603333,10.061793333,21.743640000,35.394383333,14.132656667,24.427583333,32.952816667,11.178416667,16.268273333,17.990206667,18.192426667,12.910253333,-1.551910000
2019-03-29 08:00:00,243.943583333,-1.555560000,22.454993333,7.820536667,20.226793333,37.396730000,16.284856667,25.109146667,33.096166667,11.463343333,16.229920000,19.733853333,19.618746667,14.508496667,-1.555560000
2019-03-29 07:55:00,253.885213333,-1.562006667,23.998586667,8.472100000,20.945566667,37.999856667,16.171946667,25.355823333,34.858510000,12.958693333,17.421783333,20.196423333,20.328473333,15.177450000,-1.562006667
2019-03-29 07:50:00,273.213870000,-1.562186667,27.191410000,11.810460000,24.059833333,40.879106667,18.417326667,28.052976667,34.137346667,12.346193333,16.817483333,21.641186667,21.190793333,16.669753333,-1.562186667
2019-03-29 07:45:00,247.281143333,-1.557090000,22.459666667,7.672606667,19.393816667,40.712196667,18.026020000,27.709243333,33.553296667,11.665850000,16.136546667,19.330186667,17.710563333,12.911150000,-1.557090000
2019-03-29 07:40:00,255.807620000,-1.559526667,21.682520000,6.580206667,18.626120000,40.927733333,18.097950000,27.292910000,35.029293333,13.058480000,17.568696667,21.415540000,20.639316667,14.888853333,-1.559526667
2019-03-29 07:35:00,241.431670000,-1.555913333,21.107210000,6.786623333,18.385046667,37.622806667,15.145800000,24.149296667,33.552993333,11.683433333,16.141423333,20.843860000,20.566666667,15.446510000,-1.555913333
2019-03-29 07:30:00,238.069476667,-1.557153333,21.065503333,6.694106667,18.144976667,37.834483333,15.445783333,24.218883333,32.520643333,10.692960000,16.154960000,20.447033333,19.848890000,15.001253333,-1.557153333
2019-03-29 07:25:00,255.734483333,-1.551820000,20.846973333,6.408090000,17.942806667,37.869050000,14.801193333,27.250866667,35.472380000,13.966596667,18.732636667,23.032340000,22.562983333,16.848566667,-1.551820000
2019-03-29 07:20:00,254.670900000,-1.549313333,20.186373333,6.777290000,18.107936667,38.731213333,16.330140000,28.960580000,34.425686667,13.216440000,17.602250000,21.853816667,22.699730000,15.779443333,-1.549313333
2019-03-29 07:15:00,260.748593333,-1.546623333,21.396760000,7.666543333,18.659336667,39.023420000,16.935603333,29.205733333,33.766910000,13.616926667,17.638566667,23.212050000,23.982393333,15.644350000,-1.546623333
2019-03-29 07:10:00,258.707393333,-1.542590000,21.324903333,7.729403333,18.571610000,37.885143333,15.961210000,28.364260000,34.698230000,14.633013333,18.742870000,22.416743333,23.929950000,14.450056667,-1.542590000
2019-03-29 07:05:00,257.392073333,-1.541006667,21.790566667,8.554363333,18.907030000,38.048203333,17.101093333,28.103320000,33.353366667,13.542013333,17.531663333,23.136346667,22.731316667,14.592790000,-1.541006667
2019-03-29 07:00:00,255.301616667,-1.546413333,24.238630000,10.093353333,19.542706667,37.584556667,16.380916667,27.836583333,33.857473333,13.580323333,17.589400000,20.925173333,21.165310000,12.507190000,-1.546413333
2019-03-29 06:55:00,263.974133333,-1.548486667,26.631133333,13.190540000,22.428650000,36.948156667,15.920463333,27.959606667,35.370806667,14.495860000,18.443860000,19.900810000,20.705110000,11.979136667,-1.548486667
2019-03-29 06:50:00,254.075820000,-1.538526667,23.275350000,8.706610000,18.650063333,35.674783333,14.902340000,27.644153333,35.657850000,14.901593333,18.681040000,20.991516667,21.683350000,13.307170000,-1.538526667
2019-03-29 06:45:00,258.167210000,-1.541326667,22.845030000,8.354070000,18.460186667,35.048380000,14.295563333,27.612563333,35.452913333,14.804270000,17.800253333,23.657233333,24.174093333,15.662653333,-1.541326667
2019-03-29 06:40:00,246.146446667,-1.543590000,22.065920000,8.022266667,18.387436667,35.497096667,14.465880000,27.843826667,34.708163333,14.426353333,17.735456667,20.432653333,20.499056667,12.062336667,-1.543590000
2019-03-29 06:35:00,255.601983333,-1.547600000,22.373100000,7.856226667,18.432716667,36.450480000,14.909466667,28.106856667,37.190773333,16.700956667,19.553430000,21.509456667,20.650296667,11.868223333,-1.547600000
2019-03-29 06:30:00,260.978950000,-1.537133333,22.541443333,8.493466667,18.869336667,36.177780000,14.761803333,27.956333333,36.111040000,16.344350000,19.240100000,23.757393333,22.788020000,13.937883333,-1.537133333
2019-03-29 06:25:00,274.007910000,-1.535410000,23.545470000,9.122773333,19.455963333,36.156573333,14.640740000,27.618810000,35.836630000,16.111490000,19.055566667,27.636173333,26.859593333,17.968126667,-1.535410000
2019-03-29 06:20:00,255.767786667,-1.539313333,22.082393333,8.550426667,18.351860000,36.391046667,14.661963333,27.920126667,36.089453333,16.191543333,19.219096667,21.774543333,21.888693333,12.646640000,-1.539313333
2019-03-29 06:15:00,251.010493333,-1.540516667,21.711023333,8.250770000,18.135136667,36.884473333,14.589426667,28.080336667,34.012136667,13.997756667,17.873476667,19.930326667,23.842066667,13.703563333,-1.540516667
2019-03-29 06:10:00,250.119506667,-1.551906667,21.287220000,7.836270000,18.050253333,36.782703333,14.382073333,27.933940000,32.054030000,12.348986667,15.940530000,22.069413333,25.692563333,15.741523333,-1.551906667
2019-03-29 06:05:00,237.613023333,-1.542096667,21.282470000,7.954626667,18.630190000,32.608800000,11.187950000,24.553110000,31.250673333,11.396646667,15.063420000,22.491023333,25.406150000,15.787963333,-1.542096667
2019-03-29 06:00:00,212.804163333,-1.532550000,22.386186667,9.263696667,19.978686667,29.695856667,7.526403333,21.192476667,29.637496667,9.881890000,13.392343333,19.634326667,18.987463333,11.227336667,-1.532550000
2019-03-29 05:55:00,182.827413333,-1.538023333,17.339913333,3.943993333,14.276126667,27.994443333,5.221286667,19.282330000,22.887720000,8.468823333,13.036310000,19.761263333,18.806106667,11.809096667,-1.538023333
2019-03-29 05:50:00,190.120706667,-1.546410000,19.300743333,4.949133333,15.181983333,28.011940000,4.982860000,19.311453333,21.800836667,8.191983333,13.069156667,21.233803333,20.744086667,13.342726667,-1.546410000
2019-03-29 05:45:00,194.078106667,-1.551963333,19.058200000,4.705893333,14.715926667,28.526930000,5.409166667,19.164523333,21.846973333,8.165583333,13.098700000,22.699913333,21.973620000,14.712676667,-1.551963333
2019-03-29 05:40:00,183.077720000,-1.553506667,18.830776667,4.867200000,14.574710000,28.513223333,5.377966667,19.166026667,21.866746667,8.218400000,13.058090000,19.489650000,17.985713333,11.129216667,-1.553506667
2019-03-29 05:35:00,185.929930000,-1.537743333,18.968000000,4.311310000,14.957803333,28.166530000,5.401816667,19.254620000,22.011990000,8.313703333,13.047736667,20.347033333,19.252130000,11.897256667,-1.537743333
2019-03-29 05:30:00,195.642470000,-1.539380000,18.293350000,4.150866667,14.987476667,28.293873333,5.351930000,19.254780000,22.736350000,8.972606667,13.115240000,21.944180000,24.793733333,13.748083333,-1.539380000
2019-03-29 05:25:00,207.657973333,-1.541993333,18.458346667,4.136743333,15.121010000,28.966133333,5.750620000,19.902793333,22.971796667,9.141566667,13.101793333,25.302780000,27.619950000,17.184440000,-1.541993333
2019-03-29 05:20:00,190.658363333,-1.541443333,18.582760000,4.205003333,15.061156667,30.028583333,5.552250000,19.792693333,23.161303333,9.338640000,13.154720000,20.509246667,19.375943333,11.896063333,-1.541443333
2019-03-29 05:15:00,189.522310000,-1.519713333,18.321466667,4.536673333,14.987583333,29.774380000,5.172596667,19.629760000,23.007743333,9.270410000,13.110403333,20.645553333,18.899893333,12.165846667,-1.519713333
2019-03-29 05:10:00,203.845813333,-1.522863333,20.924903333,7.297076667,17.532003333,29.594263333,4.993373333,19.598080000,22.523730000,9.026950000,13.221316667,22.992736667,21.402793333,14.738586667,-1.522863333
2019-03-29 05:05:00,201.627323333,-1.530250000,19.823780000,7.144086667,16.992433333,29.784253333,5.354256667,19.644113333,22.439303333,8.926350000,13.094483333,22.831013333,21.043010000,14.550240000,-1.530250000
2019-03-29 05:00:00,187.328380000,-1.537036667,17.881563333,4.414643333,14.671286667,30.129323333,5.616530000,19.805453333,22.769220000,8.769450000,13.341380000,20.015163333,18.185680000,11.728686667,-1.537036667
2019-03-29 04:55:00,197.534886667,-1.540823333,18.930493333,4.898330000,15.675560000,30.130113333,5.346653333,19.722293333,21.871936667,7.971456667,13.169510000,23.108413333,21.617736667,15.092390000,-1.540823333
2019-03-29 04:50:00,190.295480000,-1.547616667,17.270290000,3.930436667,14.879800000,29.064320000,4.836530000,19.480543333,21.172390000,7.697626667,13.110856667,23.257500000,21.646793333,13.948393333,-1.547616667
2019-03-29 04:45:00,194.415726667,-1.535423333,17.293236667,3.662200000,14.847636667,28.720043333,4.734306667,19.617353333,21.703540000,8.019423333,13.151133333,24.753470000,22.609913333,15.303470000,-1.535423333
2019-03-29 04:40:00,185.262183333,-1.537606667,17.021380000,3.654163333,14.649853333,29.442940000,5.545166667,20.159093333,22.045073333,8.072866667,13.181556667,21.447013333,18.673753333,11.369323333,-1.537606667
2019-03-29 04:35:00,186.431860000,-1.550446667,16.910643333,3.634513333,14.662270000,28.804103333,5.076900000,19.572090000,21.678696667,7.883166667,13.169120000,21.501980000,18.497916667,15.040460000,-1.550446667
2019-03-29 04:30:00,193.071366667,-1.557560000,17.594750000,3.994376667,14.729226667,29.013743333,5.287553333,19.597546667,21.352146667,7.804133333,13.145490000,22.393016667,20.641673333,17.517710000,-1.557560000
2019-03-29 04:25:00,195.187830000,-1.554573333,18.162933333,4.253966667,14.965506667,29.192420000,5.190230000,19.564983333,21.803810000,7.922276667,13.204190000,23.289210000,22.303693333,15.334610000,-1.554573333
2019-03-29 04:20:00,196.069320000,-1.539016667,18.444126667,3.979880000,15.081703333,29.118056667,4.766386667,19.613840000,22.130596667,8.040276667,13.249013333,23.425633333,23.019506667,15.200300000,-1.539016667
2019-03-29 04:15:00,194.550950000,-1.546266667,21.952663333,7.958836667,19.125996667,28.970800000,4.636756667,19.690960000,22.027853333,8.270966667,13.246263333,19.559193333,17.985166667,11.125493333,-1.546266667
2019-03-29 04:10:00,200.122910000,-1.549686667,18.921083333,4.727360000,15.797196667,28.870100000,4.471670000,19.569893333,22.396253333,8.806186667,13.166170000,24.842790000,22.494706667,16.059500000,-1.549686667
2019-03-29 04:05:00,214.689776667,-1.547556667,20.538066667,4.711136667,15.405156667,30.238856667,5.244003333,19.996990000,22.877013333,8.934443333,13.236216667,28.072556667,25.857000000,19.578336667,-1.547556667
2019-03-29 04:00:00,197.134893333,-1.559833333,20.125746667,4.614310000,15.326396667,30.728406667,5.670783333,20.146063333,23.338240000,9.271650000,13.315323333,20.949926667,20.500076667,13.147970000,-1.559833333
2019-03-29 03:55:00,195.277473333,-1.572716667,19.896433333,4.721953333,15.217536667,30.460440000,5.152433333,19.980326667,23.014033333,9.022053333,13.262280000,20.266776667,21.012106667,13.271100000,-1.572716667
2019-03-29 03:50:00,197.282346667,-1.568880000,18.590466667,4.500296667,14.928053333,30.395303333,4.747716667,19.903033333,22.391380000,8.675483333,13.208856667,21.780720000,23.254683333,14.906353333,-1.568880000
2019-03-29 03:45:00,201.516880000,-1.559493333,17.289463333,3.828813333,14.865633333,30.969716667,5.561540000,20.451093333,22.756330000,8.781653333,13.233190000,23.223926667,24.251206667,16.304313333,-1.559493333
2019-03-29 03:40:00,187.841710000,-1.561220000,17.722160000,3.776540000,14.927413333,30.536120000,5.019320000,20.041363333,22.519190000,8.264170000,13.271290000,20.657586667,18.846370000,12.260186667,-1.561220000
2019-03-29 03:35:00,181.930670000,-1.564090000,17.245256667,3.785066667,14.857430000,29.673143333,5.260423333,19.719256667,21.731710000,7.835223333,13.206526667,19.759413333,17.436986667,11.420233333,-1.564090000
2019-03-29 03:30:00,186.175033333,-1.560490000,17.394080000,3.790950000,14.918253333,29.097506667,5.160556667,19.735420000,21.308946667,7.649126667,13.171576667,20.956546667,19.821750000,13.170320000,-1.560490000
2019-03-29 03:25:00,201.261316667,-1.559180000,19.892500000,6.144370000,17.023990000,29.309050000,5.145450000,19.726336667,21.932663333,7.967703333,13.230666667,23.112933333,22.474686667,15.300966667,-1.559180000
2019-03-29 03:20:00,209.884803333,-1.560013333,21.833953333,8.494903333,19.201780000,29.113213333,4.543926667,19.725966667,22.366346667,8.124060000,13.274430000,23.986553333,23.290870000,15.928800000,-1.560013333
2019-03-29 03:15:00,184.474330000,-1.547886667,19.292546667,4.689386667,15.297990000,29.197090000,4.671420000,19.698913333,21.636290000,7.798603333,13.208030000,19.542903333,18.025806667,11.415350000,-1.547886667
2019-03-29 03:10:00,187.849146667,-1.555396667,18.569966667,4.239636667,15.268193333,29.373326667,4.869436667,19.650523333,21.417380000,7.733950000,13.184013333,21.185136667,19.335186667,13.022396667,-1.555396667
2019-03-29 03:05:00,193.464903333,-1.563393333,18.405573333,3.915766667,15.158356667,29.244596667,5.058363333,19.643803333,21.911293333,7.962173333,13.236923333,22.922656667,21.211850000,14.793546667,-1.563393333
2019-03-29 03:00:00,188.464506667,-1.559150000,18.743446667,4.163790000,15.260343333,29.437053333,5.412946667,19.937900000,22.296503333,8.031093333,13.274910000,20.313973333,19.212670000,12.379876667,-1.559150000
2019-03-29 02:55:00,188.799260000,-1.570993333,18.302400000,3.844593333,15.080606667,29.379156667,5.367796667,20.040696667,22.627306667,8.860996667,13.242323333,20.992840000,19.184086667,11.876456667,-1.570993333
2019-03-29 02:50:00,195.154473333,-1.566816667,18.459216667,3.828053333,15.072473333,30.523213333,5.193556667,20.005663333,22.450816667,8.795523333,13.172323333,23.531926667,20.197136667,13.924570000,-1.566816667
2019-03-29 02:45:00,194.073220000,-1.554030000,17.794976667,3.967510000,14.836026667,30.572810000,5.091196667,20.037486667,22.869160000,8.896243333,13.215690000,22.119613333,20.638640000,14.033866667,-1.554030000
2019-03-29 02:40:00,192.211273333,-1.563590000,19.181180000,4.731570000,15.090570000,30.392580000,4.968230000,20.028863333,23.372113333,9.179930000,13.250823333,20.663170000,19.013843333,12.338400000,-1.563590000
2019-03-29 02:35:00,191.039173333,-1.558030000,19.390610000,4.942130000,15.315596667,30.549656667,5.422060000,19.962916667,22.513530000,8.828743333,13.180303333,20.227326667,18.721663333,11.984636667,-1.558030000
2019-03-29 02:30:00,203.980653333,-1.538463333,22.271976667,8.325373333,18.851240000,30.226683333,5.345190000,19.844480000,22.440126667,8.800723333,13.230523333,21.090110000,20.294123333,13.260103333,-1.538463333
2019-03-29 02:25:00,196.138420000,-1.546730000,19.307603333,4.783320000,15.563810000,30.319506667,5.439036667,19.869743333,21.580453333,7.958210000,13.148113333,22.320526667,21.325923333,14.522173333,-1.546730000
2019-03-29 02:20:00,196.372496667,-1.544893333,16.664410000,3.239773333,14.396730000,29.507030000,4.781903333,19.604186667,21.477300000,7.854363333,13.146913333,24.897950000,23.862446667,16.939490000,-1.544893333
2019-03-29 02:15:00,178.268143333,-1.554116667,16.968916667,3.322816667,14.517873333,28.899450000,4.581830000,19.501276667,21.297910000,7.715590000,13.135576667,19.352240000,17.845323333,11.129340000,-1.554116667
2019-03-29 02:10:00,184.166576667,-1.546846667,18.009720000,3.860410000,14.610263333,28.763473333,4.525483333,19.569533333,21.316286667,7.774510000,13.121930000,20.793056667,19.220953333,12.600956667,-1.546846667
2019-03-29 02:05:00,190.289703333,-1.533603333,18.325373333,4.269640000,14.726876667,28.939526667,5.045626667,19.569023333,21.750103333,8.136426667,13.359126667,21.924420000,20.368633333,13.874926667,-1.533603333
2019-03-29 02:00:00,196.535836667,-1.537940000,19.429793333,5.122756667,15.673560000,29.542066667,5.899213333,19.893320000,22.260676667,8.136903333,13.208990000,22.006816667,21.317723333,14.044016667,-1.537940000
2019-03-29 01:55:00,185.757436667,-1.535170000,19.200720000,4.923670000,15.830050000,28.964986667,5.124623333,19.561290000,22.333483333,8.191720000,13.214363333,19.097556667,18.147260000,11.167713333,-1.535170000
2019-03-29 01:50:00,187.792673333,-1.539803333,18.032730000,3.815126667,14.893783333,28.854493333,4.647056667,19.658810000,22.421533333,8.271086667,13.224600000,20.970400000,20.009256667,12.993796667,-1.539803333
2019-03-29 01:45:00,196.374483333,-1.537173333,18.305160000,3.702256667,14.804286667,28.987576667,4.803960000,19.573800000,22.200853333,8.138020000,13.204143333,25.009813333,22.413440000,15.231173333,-1.537173333
2019-03-29 01:40:00,203.271766667,-1.532386667,21.140113333,7.857756667,18.546906667,28.817640000,4.723850000,19.569203333,23.177136667,9.459393333,13.219573333,22.991146667,20.674653333,13.094393333,-1.532386667
2019-03-29 01:35:00,196.930420000,-1.532490000,18.013493333,4.555513333,15.516103333,30.088786667,5.511880000,19.933346667,23.410573333,9.765466667,13.177906667,21.596996667,23.734720000,11.625633333,-1.532490000
2019-03-29 01:30:00,197.360936667,-1.541193333,17.218163333,3.612660000,14.604446667,30.238673333,5.789943333,19.961280000,23.209483333,9.559080000,13.182653333,22.599853333,24.053223333,13.331476667,-1.541193333
2019-03-29 01:25:00,192.625100000,-1.539640000,17.397536667,4.125006667,14.504856667,29.973350000,5.442390000,19.827400000,23.238410000,9.655873333,13.164073333,21.230683333,20.500100000,13.565420000,-1.539640000
2019-03-29 01:20:00,194.615513333,-1.542326667,17.382516667,3.694446667,14.627070000,29.911616667,5.054750000,19.777913333,23.527023333,9.518250000,13.148703333,22.331990000,21.251466667,14.389766667,-1.542326667
2019-03-29 01:15:00,195.538083333,-1.548803333,16.727783333,3.353943333,14.398056667,30.252516667,5.499393333,19.798263333,23.569403333,9.373933333,13.282066667,23.111476667,21.631610000,14.539636667,-1.548803333
2019-03-29 01:10:00,191.128733333,-1.703900000,16.710953333,3.475256667,14.461296667,30.298363333,5.655133333,20.294643333,22.989813333,8.796503333,13.294996667,21.591576667,20.228393333,13.331803333,-1.703900000
2019-03-29 01:05:00,188.835606667,-1.706666667,17.248966667,3.493963333,14.455906667,28.901943333,5.164183333,19.583986667,22.688363333,8.515030000,13.293180000,21.329363333,20.702526667,13.458193333,-1.706666667
2019-03-29 01:00:00,189.246950000,-1.708143333,17.929196667,4.007156667,14.699546667,28.644713333,5.433483333,19.451590000,22.519173333,8.379706667,13.284310000,21.300870000,20.099776667,13.497426667,-1.708143333
2019-03-29 00:55:00,183.011933333,-1.703996667,18.064776667,3.891846667,14.683656667,28.569736667,5.368660000,19.484113333,22.583283333,8.471086667,13.292426667,19.131113333,18.157580000,11.313653333,-1.703996667
2019-03-29 00:50:00,200.284626667,-1.697580000,21.469726667,8.241356667,18.631643333,28.497216667,4.856096667,19.344696667,23.102973333,9.040106667,13.789016667,20.750096667,19.708313333,12.853383333,-1.697580000
2019-03-29 00:45:00,194.151776667,-1.693803333,20.303780000,5.974426667,16.314053333,28.372263333,4.876843333,19.251136667,22.435826667,8.389593333,13.247030000,21.382593333,20.258730000,13.345500000,-1.693803333
2019-03-29 00:40:00,193.472646667,-1.700326667,19.499743333,4.409603333,15.229783333,28.098493333,4.759826667,19.198820000,22.507556667,8.478230000,13.226626667,22.426900000,21.378930000,14.258133333,-1.700326667
2019-03-29 00:35:00,190.287613333,-1.704080000,19.734766667,4.930620000,15.121490000,28.219776667,5.141860000,19.165996667,22.495376667,8.479400000,13.235216667,21.619510000,19.971716667,12.171883333,-1.704080000
2019-03-29 00:30:00,193.189303333,-1.705830000,19.916873333,5.566476667,15.753036667,28.389846667,5.578663333,19.221353333,22.381500000,8.373456667,13.219470000,21.360896667,21.184920000,12.242810000,-1.705830000
2019-03-29 00:25:00,201.346036667,-1.701096667,19.520576667,5.045316667,15.315823333,28.491483333,5.864120000,19.854510000,23.117800000,9.146590000,13.265400000,23.377936667,24.194890000,14.151590000,-1.701096667
2019-03-29 00:20:00,196.868166667,-1.697776667,18.911096667,4.771243333,14.881583333,29.475306667,5.197890000,19.689716667,23.504036667,9.492403333,13.278203333,22.974566667,21.085083333,13.607036667,-1.697776667
2019-03-29 00:15:00,202.248016667,-1.693026667,19.791130000,4.975806667,15.124283333,30.328073333,4.782260000,20.101696667,23.817776667,9.324866667,13.504980000,23.563770000,21.744593333,15.188780000,-1.693026667
2019-03-29 00:10:00,198.235290000,-1.695256667,19.570710000,5.253830000,15.109536667,31.082343333,5.586353333,20.605996667,23.912226667,9.445933333,13.482003333,21.304703333,19.895126667,12.986526667,-1.695256667
2019-03-29 00:05:00,204.436350000,-1.692990000,20.488400000,6.362966667,16.963750000,30.900866667,5.434903333,20.153716667,23.875280000,9.404123333,13.466823333,22.114916667,20.912843333,14.357760000,-1.692990000
2019-03-29 00:00:00,204.006820000,-1.689213333,20.494733333,7.366053333,18.587310000,30.570523333,5.444956667,20.052603333,23.705123333,9.342503333,13.392046667,21.291076667,20.208756667,13.551133333,-1.689213333
2019-03-28 23:55:00,189.590696667,-1.682180000,17.983416667,4.113216667,15.270616667,30.576050000,5.535606667,20.039340000,23.393943333,9.032243333,13.316976667,19.752276667,18.687400000,11.889610000,-1.682180000
